Ticker,FiscalYear,model_type,sector_scope,Sector,MarketCap,m1,m2,m3,SP500MemberYear,SP500AsOfDate,y_actual,score,gap
AAPL,2018,ranknet,bio_it,Information Technology,187134776646.81244,0.3921948254061151,1.0950603094481923,1.263684858432499,2018,2018-12-31,-0.8109878555771036,0.2002126992216097,1.0112005547987133
ABBV,2018,ranknet,bio_it,Health Care,118876974991.34283,0.3495035642576394,2.026952466952217,1.9325017325017324,2018,2018-12-31,0.6562985097791783,0.32229225116399507,-0.3340062586151832
ACN,2018,ranknet,bio_it,Information Technology,103392883278.87552,0.2552881317176695,1.0568921373878688,1.155726973857021,2018,2018-12-31,0.8516904230460398,-0.008186083526030452,-0.8598765065720703
ADBE,2018,ranknet,bio_it,Information Technology,128028052687.5,0.2296332711664953,1.080193703091277,1.2760290268073653,2018,2018-12-31,1.4086978137745618,-0.05750702751304948,-1.4662048412876114
ADI,2018,ranknet,bio_it,Information Technology,39592265449.98881,0.1057655179891786,1.265313798128817,1.396419870059556,2018,2018-12-31,0.00936472513129405,-0.21007171855716675,-0.2194364436884608
ADSK,2018,ranknet,bio_it,Information Technology,27487478158.94188,-0.1982737896085654,-0.8426214383473599,0.9980991926182238,2018,2018-12-31,1.2428732920957304,-1.2602658619024576,-2.503139153998188
AKAM,2018,ranknet,bio_it,Information Technology,11703968010.444496,0.071585572135617,1.3261963282120095,1.2048807512348747,2018,2018-12-31,0.012153896797609809,-0.21812555283222904,-0.23027944962983884
AMAT,2018,ranknet,bio_it,Information Technology,37462327869.70018,0.2666657175834043,1.1034188653390438,1.2154211482050563,2018,2018-12-31,0.08339911631308694,0.015173200387839064,-0.06822591592524788
AMD,2018,ranknet,bio_it,Information Technology,25655227928.829308,0.0612774836759477,1.6801498548202012,1.3032976863335095,2018,2018-12-31,0.5197537010299531,-0.14108939035729173,-0.6608430913872448
AMGN,2018,ranknet,bio_it,Health Care,118220378240.6614,0.2950970459654031,1.010876582890334,1.0280881559682515,2018,2018-12-31,0.0922160851342142,0.05720984000361637,-0.03500624513059783
ANET,2018,ranknet,bio_it,Information Technology,1488395604.7791004,0.101670451190171,1.7695625283116332,1.406572270917099,2018,2018-12-31,-1.7942518793353046,-0.06594686031248392,1.7283050190228206
APH,2018,ranknet,bio_it,Information Technology,7037839210.037993,0.2284059519720498,1.0826216158422308,1.1793682990437555,2018,2018-12-31,-0.7321323156097372,-0.04530291366808997,0.6868294019416472
BIIB,2018,ranknet,bio_it,Health Care,46498023322.41211,0.2077193410698752,1.125003535240945,1.197751450318254,2018,2018-12-31,-0.5530814522816161,-0.06709055719729165,0.48599089508432447
CDNS,2018,ranknet,bio_it,Information Technology,17807250879.383087,0.2082124638276553,1.0340703276112344,1.0797968944747685,2018,2018-12-31,1.352047488385313,-0.07739637877255154,-1.4294438671578646
CRM,2018,ranknet,bio_it,Information Technology,88504183437.3474,0.008021040618354,5.0,1.3956356182877967,2018,2018-12-31,0.6968509878433782,0.7635785715693527,0.06672758372597454
CSCO,2018,ranknet,bio_it,Information Technology,209138536722.0,0.0015959947339135,1.0748735061318666,1.0118526997816168,2018,2018-12-31,0.08969052196499483,-0.37540992303972676,-0.4651004450047216
CTSH,2018,ranknet,bio_it,Information Technology,41665940718.686295,0.1523446611278196,1.0674908150784432,1.1003636363636364,2018,2018-12-31,0.08533758702224925,-0.15662157109286273,-0.24195915811511198
FFIV,2018,ranknet,bio_it,Information Technology,9823427410.41217,0.1618129077831977,1.162380963215449,1.0577819948346252,2018,2018-12-31,0.23347572204645695,-0.10750219185347604,-0.340977913899933
FTNT,2018,ranknet,bio_it,Information Technology,2865621977.524191,0.1558344534080853,1.7047793719986146,1.2101428349374417,2018,2018-12-31,-0.7244807269865059,0.025525113872676697,0.7500058408591825
GEN,2018,ranknet,bio_it,Information Technology,11594222424.367085,0.1202219545752353,0.0182060248267358,1.196761674247799,2018,2018-12-31,-0.8175042509309014,-0.5356766900976263,0.2818275608332751
GILD,2018,ranknet,bio_it,Health Care,82920944100.36452,0.1495820519115052,1.228973049784882,1.132076842067037,2018,2018-12-31,-0.5109213780408038,-0.1166494206177645,0.39427195742303933
GLW,2018,ranknet,bio_it,Information Technology,26041790315.79787,0.061615307692154,1.178881291412362,1.2200027177605652,2018,2018-12-31,-0.6113788952722973,-0.2800118897202107,0.3313670055520866
HPE,2018,ranknet,bio_it,Information Technology,21805396859.17139,0.0582257348780043,0.4484479655543595,0.8171538632879548,2018,2018-12-31,-1.427649112679757,-0.4495131555769374,0.9781359571028196
HPQ,2018,ranknet,bio_it,Information Technology,34223485055.910027,0.3888900683870188,0.3134121629039471,0.6012922204128802,2018,2018-12-31,-0.1046578970586356,0.05132321773657131,0.1559811147952069
IBM,2018,ranknet,bio_it,Information Technology,120038363043.94238,0.1656417394901733,0.9135572073630622,0.9366618112411472,2018,2018-12-31,-0.19697608274973266,-0.1597609228974933,0.03721515985223936
INCY,2018,ranknet,bio_it,Health Care,18410296890.506554,0.022540568632765,5.0,1.2595581728883871,2018,2018-12-31,0.0,0.8048697363205659,0.8048697363205659
INTC,2018,ranknet,bio_it,Information Technology,241488903430.93872,0.1764835556741869,1.0516955056440769,1.0175396169193414,2018,2018-12-31,-0.3150703194260802,-0.11257030859580645,0.20250001083027375
INTU,2018,ranknet,bio_it,Information Technology,54579711820.0,0.1848819159764327,1.2906092213492852,1.2454582605788165,2018,2018-12-31,1.0998546218066714,-0.059151228038606785,-1.1590058498452782
IT,2018,ranknet,bio_it,Information Technology,13607475611.091614,0.0581203303985646,1.8660594826428551,1.4017925829592277,2018,2018-12-31,0.8450598614584162,-0.10360938597919354,-0.9486692474376097
KEYS,2018,ranknet,bio_it,Information Technology,13889242741.37906,0.0343117606502878,-0.2301330346820809,1.297956981997168,2018,2018-12-31,0.04033413541082553,-0.7573992780874638,-0.7977334134982893
LRCX,2018,ranknet,bio_it,Information Technology,2390488369.302398,0.2385890088542439,1.1258739768430304,1.2136828222782878,2018,2018-12-31,-2.4492249322669624,-0.021267100277061607,2.4279578319899007
MCHP,2018,ranknet,bio_it,Information Technology,10688293710.287453,0.0517162075887756,1.1874034731674346,1.1480806085778592,2018,2018-12-31,-0.2482338206186805,-0.2828126815848614,-0.0345788609661809
MSFT,2018,ranknet,bio_it,Information Technology,877014035492.308,0.1219260678688307,1.102740784463454,1.171211703494272,2018,2018-12-31,0.8442051983472374,-0.2028735885558522,-1.0470787869030895
MSI,2018,ranknet,bio_it,Information Technology,23010805960.90271,0.5276718192100793,0.9790503693439808,1.1817810695748527,2018,2018-12-31,1.51095143249116,0.38623039064876896,-1.124721041842391
MU,2018,ranknet,bio_it,Information Technology,43736888817.66272,0.3706255755713514,1.0454218669957052,1.2351874870519992,2018,2018-12-31,-0.883348262894716,0.1558307598934389,1.039179022788155
NTAP,2018,ranknet,bio_it,Information Technology,20425015072.47313,0.0123978627522094,0.948100411789651,0.9759700093720712,2018,2018-12-31,0.18322793825015737,-0.3919125417651079,-0.5751404800152653
NVDA,2018,ranknet,bio_it,Information Technology,3399567056.1274385,0.2431196741416662,1.1725324877851946,1.2865920907515362,2018,2018-12-31,-2.325034082830372,-0.010290662615487722,2.314743420214884
ORCL,2018,ranknet,bio_it,Information Technology,193404517189.71252,0.0543523733701059,1.0530743941164098,1.0280436247413582,2018,2018-12-31,-0.00936472513129405,-0.3025840809642303,-0.29321935583293623
QCOM,2018,ranknet,bio_it,Information Technology,68984172584.29868,-0.2527631944209502,1.9589821010286197,1.0734799035303608,2018,2018-12-31,0.2563905325722349,-0.5112413190606776,-0.7676318516329125
REGN,2018,ranknet,bio_it,Health Care,44305897473.14453,0.1598574481081998,1.2925701786045234,1.0879751709906096,2018,2018-12-31,-0.2685209476897734,-0.0754954318691308,0.19302551582064262
ROP,2018,ranknet,bio_it,Information Technology,35430753337.01434,0.0962023357822449,1.2093740814713758,1.3002760540935956,2018,2018-12-31,0.2631608147705511,-0.22841606416657356,-0.49157687893712465
SNPS,2018,ranknet,bio_it,Information Technology,13957226142.058195,0.0650133803700328,1.9298785006786268,1.2221975763165065,2018,2018-12-31,-0.2793566654946835,-0.04887812714937392,0.2304785383453096
STX,2018,ranknet,bio_it,Information Technology,13598196101.140892,0.207665450200636,0.8773638921930951,0.8408826945412311,2018,2018-12-31,-0.14942088053753377,-0.09238725567028533,0.057033624867248445
SWKS,2018,ranknet,bio_it,Information Technology,11898193708.936882,0.1739806819355511,1.086956442707426,1.185249127261187,2018,2018-12-31,-0.20762535565627716,-0.12902420548170818,0.07860115017456898
TEL,2018,ranknet,bio_it,Information Technology,25943660477.82898,0.1822548412017854,1.0090339327033302,1.043905257076834,2018,2018-12-31,-0.40870374057433967,-0.12013616366399378,0.2885675769103459
TXN,2018,ranknet,bio_it,Information Technology,99545061553.80722,0.3696713724002782,1.0113477846466905,1.0541582616244924,2018,2018-12-31,0.8659575952617102,0.16913553856215716,-0.6968220566995531
VRSN,2018,ranknet,bio_it,Information Technology,21735445848.167175,-0.5126524781541777,0.9904686124948252,0.9662734389199904,2018,2018-12-31,-5.625493385202519,-1.190231553811843,4.435261831390676
VRTX,2018,ranknet,bio_it,Health Care,47028083951.34709,0.2486034865682313,1.6202003331992398,1.1948459656956498,2018,2018-12-31,0.38602448547330614,0.14571173083902347,-0.24031275463428267
WDC,2018,ranknet,bio_it,Information Technology,12891933064.527676,0.0362799616921908,1.2093666724371483,1.1839770028746406,2018,2018-12-31,-1.387168548810333,-0.3050486495243803,1.0821198992859526
AAPL,2019,ranknet,bio_it,Information Technology,326191185032.61566,0.3888833563815133,1.1088459643188304,1.2252166250550742,2019,2019-12-31,-0.1744545042621395,0.43584071756386245,0.6102952218260019
ABBV,2019,ranknet,bio_it,Health Care,112696951288.99236,0.4669866692121189,1.025631609773744,0.8746213916304371,2019,2019-12-31,0.8696289712665743,0.3912616757913251,-0.47836729547524925
ACN,2019,ranknet,bio_it,Information Technology,128359821161.78513,0.2359617020837561,1.048575470443379,1.0997137046352228,2019,2019-12-31,0.8410114976585967,0.010456214442426781,-0.83055528321617
ADBE,2019,ranknet,bio_it,Information Technology,166393039737.84485,0.2307641524217397,1.1039336684692205,1.346643226069287,2019,2019-12-31,1.5602089345518135,0.15106761727138632,-1.4091413172804272
ADI,2019,ranknet,bio_it,Information Technology,40163374463.419624,0.089998275178259,1.166655817199319,1.0389966004954538,2019,2019-12-31,-0.030190903008198045,-0.30987645542481346,-0.2796855524166154
ADSK,2019,ranknet,bio_it,Information Technology,39123372317.29028,-0.0273301759918288,1.0864542097612238,1.0026919899375273,2019,2019-12-31,1.5772491160748232,-0.6136947425671876,-2.1909438586420107
AKAM,2019,ranknet,bio_it,Information Technology,14810570751.113045,0.1010528967040262,1.175588548130963,1.084422547381799,2019,2019-12-31,0.13581591997046538,-0.25781706578581653,-0.3936329857562819
AMAT,2019,ranknet,bio_it,Information Technology,53078486179.32754,0.1910192419797914,1.1096471368272405,1.0818629010547955,2019,2019-12-31,0.3154336433338394,-0.08020734491577318,-0.3956409882496126
AMD,2019,ranknet,bio_it,Information Technology,53196206121.85144,0.0458611090918786,1.5941693845182572,1.2154051922219555,2019,2019-12-31,0.9622366607477808,-0.18104073608694768,-1.1432773968347285
AMGN,2019,ranknet,bio_it,Health Care,119571533895.9434,0.3014174986731067,1.0412641790403496,1.0928993397428473,2019,2019-12-31,0.49612481013821674,0.1493130791125146,-0.3468117310257022
ANET,2019,ranknet,bio_it,Information Technology,968179228.89038,0.2073068839877979,1.210059021072519,1.177846965155424,2019,2019-12-31,-2.4604009581233903,0.0389110073234582,2.4993119654468483
APH,2019,ranknet,bio_it,Information Technology,5431402839.410181,0.1957877580007566,1.0680897051149048,1.0883077623868975,2019,2019-12-31,-1.0881123711233789,-0.07874618395778728,1.0093661871655917
BIIB,2019,ranknet,bio_it,Health Care,55070372650.10193,0.2689927098028176,1.0365069999439531,0.9872479524486504,2019,2019-12-31,-0.10649757882993405,0.018244289106191303,0.12474186793612535
CDNS,2019,ranknet,bio_it,Information Technology,18502294976.501465,0.3960935930931588,1.0440131887810964,1.121695795442637,2019,2019-12-31,0.9973868051611219,0.3753825239940949,-0.622004281167027
CDW,2019,ranknet,bio_it,Information Technology,13316300963.255424,0.3204355975020557,1.0948462958099108,1.162527144408252,2019,2019-12-31,0.750868344770949,0.24581000409845824,-0.5050583406724908
CRM,2019,ranknet,bio_it,Information Technology,127484854705.81056,0.046898400897464,3.913514162540399,1.3760178129167635,2019,2019-12-31,0.6783804517743117,0.6135747175269399,-0.0648057342473718
CSCO,2019,ranknet,bio_it,Information Technology,201693731701.7213,0.1928773719952027,1.0675985689060192,1.0545683862758668,2019,2019-12-31,0.2027504869146448,-0.10382084790246851,-0.3065713348171133
CTSH,2019,ranknet,bio_it,Information Technology,25495166985.54303,0.1364489422645365,1.045029754559014,1.0257118205349438,2019,2019-12-31,-0.3696532209946576,-0.25132485135326893,0.11832836964138865
FFIV,2019,ranknet,bio_it,Information Technology,8489864970.9436035,0.1253837630084446,1.2538391393110802,1.138502405878485,2019,2019-12-31,-0.09373467681719005,-0.15059452493359937,-0.05685984811640932
FTNT,2019,ranknet,bio_it,Information Technology,3490662755.962078,0.1242149497699258,1.5376487606165763,1.233557875810538,2019,2019-12-31,-0.721810202044812,-0.014912218191736909,0.7068979838530751
GEN,2019,ranknet,bio_it,Information Technology,13451898861.49335,0.003076742032013,0.7230729047238469,1.0100942625992726,2019,2019-12-31,-0.7164810774925128,-0.6527163780758373,0.06376469941667551
GILD,2019,ranknet,bio_it,Health Care,94469479101.97913,0.1251110432553534,2.2697639224441666,1.87210075277124,2019,2019-12-31,-0.24311692627891468,0.5592673460578785,0.8023842723367932
GLW,2019,ranknet,bio_it,Information Technology,15684925282.762558,0.0579484090509393,1.11528674024724,1.0570320704418774,2019,2019-12-31,-1.0601654945649857,-0.38649898458995247,0.6736665099750332
HPE,2019,ranknet,bio_it,Information Technology,18010458084.059666,0.0372815922184828,0.6147526957613819,1.0855046592751512,2019,2019-12-31,-1.4516257196284674,-0.5686176163664824,0.883008103261985
HPQ,2019,ranknet,bio_it,Information Technology,30981956715.402374,0.2735597672605211,0.5816878282506835,1.1907251038734754,2019,2019-12-31,-0.01635273564302886,0.0017238258872880607,0.01807656153031692
IBM,2019,ranknet,bio_it,Information Technology,94217117267.6176,0.1652776923569324,1.031921022699286,1.0579148901029647,2019,2019-12-31,-0.5040138979563574,-0.17388146239689123,0.3301324355594662
INCY,2019,ranknet,bio_it,Health Care,15874473082.521072,0.0762986850022441,1.8141330702702017,0.9366578480300984,2019,2019-12-31,-0.03201737729859078,-0.1996392127526235,-0.16762183545403272
INTC,2019,ranknet,bio_it,Information Technology,231471235431.6711,0.1715695101686806,1.0202665175597998,0.9840107156029791,2019,2019-12-31,-0.37060212202061715,-0.2039950599346683,0.16660706208594886
INTU,2019,ranknet,bio_it,Information Technology,66968962815.0,0.185988063465856,1.2299774233662997,1.1683762337913683,2019,2019-12-31,1.0739101916903726,-0.007394245109119568,-1.0813044367994922
IT,2019,ranknet,bio_it,Information Technology,8871846882.228348,0.0967501566419537,1.5849626920647708,1.2077728604465217,2019,2019-12-31,0.29724722375385304,-0.07543432389809819,-0.3726815476519512
KEYS,2019,ranknet,bio_it,Information Technology,17523738759.772564,0.1102957367423645,1.3522792684950773,1.1655024785939612,2019,2019-12-31,0.12990525066765013,-0.1392870110982758,-0.2691922617659259
LRCX,2019,ranknet,bio_it,Information Technology,3340302125.599594,0.2607281213586308,1.1034018242241106,1.0572803253128231,2019,2019-12-31,-1.9282555380231796,0.05864682118934619,1.986902359212526
MCHP,2019,ranknet,bio_it,Information Technology,10314113758.75296,0.047900451239318,1.6773094416783818,1.5162410655226497,2019,2019-12-31,-0.6774970462922083,0.013554489920730106,0.6910515362129384
MSFT,2019,ranknet,bio_it,Information Technology,1061550959561.432,0.2447777403600832,1.1114193510685129,1.1862292714268268,2019,2019-12-31,0.8848995863281692,0.09644844915498271,-0.7884511371731865
MSI,2019,ranknet,bio_it,Information Technology,22673373127.980347,0.3470933969114008,1.048756801431301,1.18182303056163,2019,2019-12-31,1.1991080267652872,0.301363012060894,-0.8977450147043932
MU,2019,ranknet,bio_it,Information Technology,52595982742.581955,0.1485816330738804,1.1034716875544353,1.2147660092964483,2019,2019-12-31,-0.7920774140922385,-0.10314802122120757,0.6889293928710309
NOW,2019,ranknet,bio_it,Information Technology,10878577159.11865,0.1388882535872266,5.0,1.557623458772931,2019,2019-12-31,-0.12548503377769538,1.2465285202376624,1.3720135540153577
NTAP,2019,ranknet,bio_it,Information Technology,14038898120.499271,0.2275926597582279,0.9863068676383698,1.030187504862678,2019,2019-12-31,0.0,-0.06506347045233134,-0.06506347045233134
NVDA,2019,ranknet,bio_it,Information Technology,2742150057.7926636,0.268777632638653,1.2636344956571026,1.4437003834314417,2019,2019-12-31,-2.731551288662966,0.33684331813848645,3.0683946068014523
ORCL,2019,ranknet,bio_it,Information Technology,173662741721.05026,0.2364225306136244,1.032864655106709,0.9953011880452942,2019,2019-12-31,0.30408265504528154,-0.050505696810042966,-0.3545883518553245
QCOM,2019,ranknet,bio_it,Information Technology,100744976095.58736,0.1887526784161514,1.0016236287603195,0.9460916020994752,2019,2019-12-31,0.46137158015309043,-0.19241817531661207,-0.6537897554697025
REGN,2019,ranknet,bio_it,Health Care,53321268933.10547,0.1110399591478606,1.647514800723619,1.4000303147872757,2019,2019-12-31,0.0,0.08051808055244089,0.08051808055244089
ROP,2019,ranknet,bio_it,Information Technology,33086054072.783203,0.1497956630277478,1.154743645312094,1.1062107445318683,2019,2019-12-31,0.025350901185856367,-0.1443728273729266,-0.16972372855878295
SNPS,2019,ranknet,bio_it,Information Technology,22205398879.357224,0.0706420070176315,1.5372814644795525,1.1314386866023334,2019,2019-12-31,0.07514191504408907,-0.18949957402332798,-0.264641489067417
STX,2019,ranknet,bio_it,Information Technology,14471541733.241432,0.3360677765429547,0.8641832158003743,0.8640545928538568,2019,2019-12-31,-0.12287299756582504,0.046806841866344234,0.16967983943216927
SWKS,2019,ranknet,bio_it,Information Technology,20594968697.170193,0.1581425884977428,1.0983335035281705,1.0948133390686197,2019,2019-12-31,0.3335957891688148,-0.14928158870969088,-0.4828773778785057
TEL,2019,ranknet,bio_it,Information Technology,32056047505.99731,0.1339959578576394,0.974170336237654,0.9450498492928356,2019,2019-12-31,-0.15988231826944788,-0.322466544244858,-0.1625842259754101
TXN,2019,ranknet,bio_it,Information Technology,93332183891.69676,0.3337585025824747,1.0042528471926029,0.9986766003333006,2019,2019-12-31,0.8205098560783854,0.15799606895792181,-0.6625137871204636
VRSN,2019,ranknet,bio_it,Information Technology,20965670010.08551,-0.4905032855521848,0.9907510999524284,0.9696237845041372,2019,2019-12-31,-5.61065558969715,-1.6855750959124027,3.9250804937847477
VRTX,2019,ranknet,bio_it,Health Care,61692960913.125046,0.109807814271843,1.5279501604864392,1.277039993497338,2019,2019-12-31,0.7213017148456013,-0.025905906724971145,-0.7472076215705725
WDC,2019,ranknet,bio_it,Information Technology,13343666656.415462,-0.0436244414435541,3.788242532384609,0.9016513889860752,2019,2019-12-31,-1.2642183303423882,0.11534706273330389,1.3795653930756921
ZBRA,2019,ranknet,bio_it,Information Technology,9915989020.442656,0.1603389545793314,1.1836379393711396,1.0750696754472715,2019,2019-12-31,0.06700389692006103,-0.12933613047366938,-0.1963400273937304
AAPL,2020,ranknet,bio_it,Information Technology,2255969148888.3057,0.4606205249263921,1.1161373110406845,1.208012115882554,2020,2020-12-31,1.6428425313225086,0.9122711541685731,-0.7305713771539355
ABBV,2020,ranknet,bio_it,Health Care,191103718647.4173,0.115961003369043,1.14785350498055,0.9455802037236848,2020,2020-12-31,0.6091672848587448,-0.309524534946263,-0.9186918198050078
ACN,2020,ranknet,bio_it,Information Technology,158495942998.97015,0.2204038291032007,1.0506047148016249,1.0794544265994768,2020,2020-12-31,0.669582997691835,0.0604487707587609,-0.6091342269330742
ADBE,2020,ranknet,bio_it,Information Technology,220044035427.85645,0.3317491968638526,1.0782566271031315,1.2245156837578277,2020,2020-12-31,1.377244881767254,0.49020035929977446,-0.8870445224674796
ADI,2020,ranknet,bio_it,Information Technology,54436210846.21706,0.078513916783318,1.07657308067241,0.9251656365010424,2020,2020-12-31,0.0,-0.45844283488429083,-0.45844283488429083
ADSK,2020,ranknet,bio_it,Information Technology,41079045332.13196,0.0664661387981629,1.5800819475612262,1.151036607365879,2020,2020-12-31,1.2908052819987845,-0.2717642720035029,-1.5625695540022875
AKAM,2020,ranknet,bio_it,Information Technology,16632145762.054367,0.1033042286469931,1.1039941579693346,1.0304575870641912,2020,2020-12-31,-0.1267223099720196,-0.32677308590733833,-0.20005077593531873
AMAT,2020,ranknet,bio_it,Information Technology,88398796471.5557,0.2134131852981909,1.0979617408038354,1.090751550529004,2020,2020-12-31,0.39805970298669746,0.05481410060451464,-0.3432456023821828
AMD,2020,ranknet,bio_it,Information Technology,95085480706.5,0.2221986051520818,1.5556588682927566,1.3521602560303445,2020,2020-12-31,0.8852341420590477,0.312064274072719,-0.5731698679863287
AMGN,2020,ranknet,bio_it,Health Care,143704290344.15582,0.2763497999211853,1.058262072172486,1.0776896777478722,2020,2020-12-31,0.7391200089760013,0.24363148826425943,-0.4954885207117419
ANET,2020,ranknet,bio_it,Information Technology,1440233730.6942673,0.1345746288239127,1.2027729166632524,1.0831423042085953,2020,2020-12-31,-2.4390785500896666,-0.17729520930063852,2.261783340789028
APH,2020,ranknet,bio_it,Information Technology,9881537995.182114,0.1752425596826655,1.06909672232042,1.0923750688825082,2020,2020-12-31,-0.8891426782089737,-0.07617609135909156,0.8129665868498822
AVGO,2020,ranknet,bio_it,Information Technology,19110229076.87561,0.0769452830394543,1.2722503736920778,1.1940603647710766,2020,2020-12-31,-1.9527019946476898,-0.3002773633570013,1.6524246312906885
BIIB,2020,ranknet,bio_it,Health Care,42615920747.25,0.1889791810903767,1.4222983698225404,1.5243245849472042,2020,2020-12-31,-0.25995403681673324,0.24092588812912233,0.5008799249458555
CDNS,2020,ranknet,bio_it,Information Technology,36760405171.90552,0.2028384140988113,1.0386314221428452,1.121103781223476,2020,2020-12-31,1.2825417727222734,0.01756120437238609,-1.2649805683498874
CDW,2020,ranknet,bio_it,Information Technology,23369273996.25,0.2812508682836837,1.141941061586819,1.2497077102947511,2020,2020-12-31,0.8674609646197071,0.3531575582042058,-0.5143034064155013
CRM,2020,ranknet,bio_it,Information Technology,212124726745.60547,0.0762610602418848,5.0,1.938315658202745,2020,2020-12-31,0.12637158230680212,0.9828040142745198,0.8564324319677177
CSCO,2020,ranknet,bio_it,Information Technology,151979974621.99435,0.1728072503546941,1.021541359350517,0.9807307752426844,2020,2020-12-31,-0.4020684490247891,-0.1430701633525275,0.2589982856722616
CTSH,2020,ranknet,bio_it,Information Technology,41451587292.33559,0.1036797226116928,1.053172588417827,1.033677892630877,2020,2020-12-31,-0.12573986088875988,-0.3375034144812922,-0.2117635535925323
FFIV,2020,ranknet,bio_it,Information Technology,10838449916.278198,0.0762506355806474,1.381907871752427,1.159091535150933,2020,2020-12-31,-0.26423321100974995,-0.2884284308755363,-0.024195219865786377
FTNT,2020,ranknet,bio_it,Information Technology,6019133672.12891,0.2040179279616299,1.435858088155004,1.2818941181020147,2020,2020-12-31,-0.3312640108156224,0.1923220884212726,0.523586099236895
GEN,2020,ranknet,bio_it,Information Technology,12634666343.243244,1.1252031832617893,-1.5157905308656583,0.3852154000286246,2020,2020-12-31,0.043694555811641944,2.0418392330793194,1.9981446772676774
GILD,2020,ranknet,bio_it,Health Care,81213612220.94382,0.0031916643371555,0.9536060468673926,0.7906647213165937,2020,2020-12-31,-0.214178141453357,-0.7915908822327059,-0.5774127407793489
GLW,2020,ranknet,bio_it,Information Technology,33431685560.71001,0.029710545831829,1.6217646433224753,1.1480114492316964,2020,2020-12-31,-0.5903941961422082,-0.38163754874617284,0.2087566473960354
HPE,2020,ranknet,bio_it,Information Technology,15961787852.772408,-0.0120570030131354,-2.1603021092765933,1.0139916671848763,2020,2020-12-31,-1.7677840370646545,-1.5626028122514142,0.2051812248132403
HPQ,2020,ranknet,bio_it,Information Technology,31389748030.862885,0.30776027766102,0.6400336469629385,0.9880256569141364,2020,2020-12-31,-0.03024003867036895,0.1989947536589212,0.22923479232929014
IBM,2020,ranknet,bio_it,Information Technology,113843547550.4232,0.0961764059787388,1.2813933811149083,1.1351170854916734,2020,2020-12-31,-0.5808011349196801,-0.2599224048572704,0.3208787300624097
INCY,2020,ranknet,bio_it,Health Care,17866680263.18998,-0.041265263497503,3.9135157312820223,1.807865441577392,2020,2020-12-31,-0.04599584637422405,0.2620815759575954,0.30807742233181945
INTC,2020,ranknet,bio_it,Information Technology,260032000000.0,0.16492872406795,1.0212097186699989,1.0014622258326564,2020,2020-12-31,-0.5342142364875418,-0.1601335450394598,0.37408069144808204
INTU,2020,ranknet,bio_it,Information Technology,82385489037.18677,0.1788534085182299,1.2210355495207492,1.1506896452843174,2020,2020-12-31,0.8350170276686901,-0.0003847631349483127,-0.8354017908036384
IT,2020,ranknet,bio_it,Information Technology,16196118858.156675,0.0992057701305286,1.2564685276714826,1.022660696440058,2020,2020-12-31,0.5425989180909971,-0.30346635561286806,-0.8460652737038652
KEYS,2020,ranknet,bio_it,Information Technology,26349056707.543213,0.1027745418007843,1.2319153923307191,1.0456685027541313,2020,2020-12-31,0.20994785747628764,-0.2886942816425869,-0.49864213911887456
LRCX,2020,ranknet,bio_it,Information Technology,4831116728.2717705,0.246644840323736,1.084474585614706,1.033362482340928,2020,2020-12-31,-1.8895129990583344,0.13542191904039882,2.024934918098733
MCHP,2020,ranknet,bio_it,Information Technology,12917982330.056854,0.0704292276746244,1.5775883633254235,1.274429573727964,2020,2020-12-31,-0.786535528346362,-0.208096794282581,0.578438734063781
MSFT,2020,ranknet,bio_it,Information Technology,1591704455675.3364,0.2429043081125608,1.1135865634681548,1.1888641488562068,2020,2020-12-31,0.9138415554705039,0.19569100115575974,-0.7181505543147442
MSI,2020,ranknet,bio_it,Information Technology,31785771202.533417,0.3567113394985282,1.0127596652582311,1.0125878082127198,2020,2020-12-31,1.2274610742948555,0.46589879725767325,-0.7615622770371823
MU,2020,ranknet,bio_it,Information Technology,83692015188.54834,0.0580505096227844,1.2277218788408306,1.1284101877203696,2020,2020-12-31,-0.660799298681201,-0.4007282078518912,0.2600710908293098
NOW,2020,ranknet,bio_it,Information Technology,19614314822.387695,0.0197084641103597,4.992754161755643,1.5062197008963962,2020,2020-12-31,-0.07070618738570755,0.6169125011320742,0.6876186885177817
NTAP,2020,ranknet,bio_it,Information Technology,9826461920.767591,0.1915535154799458,0.9864529727078531,1.007312057277782,2020,2020-12-31,-0.42091366953702003,-0.08021279874170975,0.3407008707953103
NVDA,2020,ranknet,bio_it,Information Technology,4471884098.0529785,0.1439433521969274,1.406015448486066,1.3391448205650294,2020,2020-12-31,-2.721791202591538,0.013039526251806738,2.7348307288433444
ORCL,2020,ranknet,bio_it,Information Technology,175589987785.9497,0.2711236604629238,1.0154383622339116,0.9878713878713878,2020,2020-12-31,0.2939008798364282,0.17799797957237776,-0.11590290026405045
QCOM,2020,ranknet,bio_it,Information Technology,172296535858.1543,0.2083049745987137,1.0877762433801117,1.0490645846087794,2020,2020-12-31,0.6791153005536756,0.018163689049567056,-0.6609516115041085
REGN,2020,ranknet,bio_it,Health Care,50909865576.171875,0.180159942982072,1.1427188946060969,1.006025641025641,2020,2020-12-31,0.0,-0.07692154821404841,-0.07692154821404841
ROP,2020,ranknet,bio_it,Information Technology,42326336669.67972,0.0724558688896306,1.2217255805680107,1.2000066687413862,2020,2020-12-31,-0.08083471724452096,-0.32561265823259156,-0.2447779409880706
SNPS,2020,ranknet,bio_it,Information Technology,39092150891.63188,0.0764529924361132,1.5306825661856476,1.1303574072939522,2020,2020-12-31,0.2507174208879024,-0.2608319589660495,-0.5115493798539519
STX,2020,ranknet,bio_it,Information Technology,12311810381.668976,0.1837288459041381,0.8866823815921193,0.9604996769330174,2020,2020-12-31,-0.44080304995944275,-0.151265642233808,0.28953740772563474
SWKS,2020,ranknet,bio_it,Information Technology,28109331110.0,0.1467523340774531,1.126318728291554,1.1226918342224046,2020,2020-12-31,0.3688295163842348,-0.1412110686788711,-0.5100405850631059
TDY,2020,ranknet,bio_it,Information Technology,16575701418.0,0.1045113408074819,1.0206978801354312,0.9694286899986166,2020,2020-12-31,0.20795438937832533,-0.3700745043332727,-0.578028893711598
TEL,2020,ranknet,bio_it,Information Technology,40043003333.24538,-0.0193140264754562,0.8200539661123157,0.909661468238874,2020,2020-12-31,-0.08708713336022567,-0.8501039021329082,-0.7630167687726825
TER,2020,ranknet,bio_it,Information Technology,20283419907.831207,0.2203802531549733,1.1101544023980523,1.17891895181016,2020,2020-12-31,0.48748602185783874,0.11740804134862423,-0.3700779805092145
TXN,2020,ranknet,bio_it,Information Technology,173916009762.11487,0.3655062937573763,0.9992716592812672,0.9834458882902212,2020,2020-12-31,1.1771516058764133,0.47882150764883635,-0.698330098227577
TYL,2020,ranknet,bio_it,Information Technology,17226039137.36786,0.0892494662182157,1.111666819799813,1.1155493380265649,2020,2020-12-31,0.8127057747479789,-0.3349985854842188,-1.1477043602321977
VRSN,2020,ranknet,bio_it,Information Technology,22478674323.113014,-0.7132566826427916,1.007178494089919,1.1266442936257866,2020,2020-12-31,-5.858245938149238,-2.9671547871090285,2.89109115104021
VRTX,2020,ranknet,bio_it,Health Care,55862817564.51297,0.1957759986633859,1.1863239931758958,1.165588858939782,2020,2020-12-31,0.43493948843777885,0.051771886146669166,-0.3831676022911097
WDC,2020,ranknet,bio_it,Information Technology,8627587237.517698,-0.0146539766103549,1.5741094245155192,0.9621332349141908,2020,2020-12-31,-1.9348600429110756,-0.6158383798908995,1.319021663020176
ZBRA,2020,ranknet,bio_it,Information Technology,25941315651.473022,0.1332292053340535,1.130786319831083,1.0075834175935288,2020,2020-12-31,0.6722558697304029,-0.23199466054093845,-0.9042505302713413
AAPL,2021,ranknet,bio_it,Information Technology,2913284035454.0405,0.7209512697788212,1.0820301402468813,1.228244641545286,2021,2021-12-31,1.7208920975627042,1.9724961703907946,0.2516040728280904
ABBV,2021,ranknet,bio_it,Health Care,286732684298.75165,0.2616870088717206,1.1097768234017509,1.1703758346305928,2021,2021-12-31,0.7090386174601044,0.2972600190626,-0.4117785983975044
ACN,2021,ranknet,bio_it,Information Technology,226857885216.02353,0.2239881681624373,1.0875477263091615,1.2315888461341002,2021,2021-12-31,0.7735983174119831,0.18689437271323037,-0.5867039446987528
ADBE,2021,ranknet,bio_it,Information Technology,214915951696.77737,0.2704505779778452,1.0760348380651672,1.2643103561530966,2021,2021-12-31,1.1109347008401969,0.367703537642201,-0.7432311631979959
ADI,2021,ranknet,bio_it,Information Technology,86138470929.1128,0.0331510203662268,1.235859307679702,1.2208202933533534,2021,2021-12-31,-0.6587905974506366,-0.47336536396326245,0.18542523348737416
ADSK,2021,ranknet,bio_it,Information Technology,64101187345.711,0.2634818089937538,1.4032882409299718,1.1741640709700736,2021,2021-12-31,1.2591026437182036,0.3685081766311038,-0.8905944670870998
AKAM,2021,ranknet,bio_it,Information Technology,19143787161.972168,0.1129657527563066,1.1243822004425716,1.1271843916712962,2021,2021-12-31,-0.1788900439333021,-0.2560291085756331,-0.077139064642331
AMAT,2021,ranknet,bio_it,Information Technology,122774754100.9746,0.3068407167397962,1.0816365233078613,1.1593403011668586,2021,2021-12-31,0.4775508784471314,0.448301399742169,-0.029249478704962417
AMD,2021,ranknet,bio_it,Information Technology,131131831769.4997,0.2199842249150904,1.413258493356405,1.6180584679906254,2021,2021-12-31,0.8323413424494532,0.43214926511557417,-0.40019207733387907
AMGN,2021,ranknet,bio_it,Health Care,134700846333.20496,0.2411539432028518,1.1125993247783106,1.1097609389833434,2021,2021-12-31,0.5440582972935306,0.19419881082871146,-0.3498594864648191
ANET,2021,ranknet,bio_it,Information Technology,10693349423.87983,0.1505329814601568,1.229531864486249,1.2428746407419735,2021,2021-12-31,-0.7290714820855904,-0.04146501723175175,0.6876064648538386
APH,2021,ranknet,bio_it,Information Technology,22565055490.820217,0.1993325662146205,1.093334951688447,1.2572942837756056,2021,2021-12-31,-0.33907284923739356,0.11203310508777739,0.451105954325171
AVGO,2021,ranknet,bio_it,Information Technology,24189460553.780457,0.1684055593698793,1.0518587522009626,0.977596400550329,2021,2021-12-31,-1.8813870629691638,-0.1455429961558693,1.7358440668132946
BIIB,2021,ranknet,bio_it,Health Care,30950365102.7897,0.0733522522827676,0.9467190743108364,0.8541380638789129,2021,2021-12-31,-0.7851930467465453,-0.570796473110914,0.21439657363563136
CDNS,2021,ranknet,bio_it,Information Technology,41836137292.72461,0.2182087096036238,1.0383132819539178,1.122619931411946,2021,2021-12-31,1.1954698346084056,0.10201496240297739,-1.0934548722054283
CDW,2021,ranknet,bio_it,Information Technology,24140190753.55652,0.4189214836482228,1.104103257844629,1.1482371794871795,2021,2021-12-31,0.9468141840490247,0.8510109128597914,-0.09580327118923337
CRM,2021,ranknet,bio_it,Information Technology,212124726745.60547,0.0727559937732936,5.0,1.2738746153996905,2021,2021-12-31,-0.04606147674663141,0.5022479135723288,0.5483093903189602
CSCO,2021,ranknet,bio_it,Information Technology,236066684423.0934,0.1542221033328971,1.0331624343970396,1.005791006146878,2021,2021-12-31,-0.14370938896982888,-0.18674458847102118,-0.043035199501192306
CTSH,2021,ranknet,bio_it,Information Technology,47035037066.308044,0.144614926833677,1.069431206929668,1.1538208168642952,2021,2021-12-31,-0.22064857417963446,-0.14083055438531958,0.07981801979431488
EPAM,2021,ranknet,bio_it,Information Technology,16870742619.608276,0.165095916388503,1.144832297222139,1.377079594264857,2021,2021-12-31,0.3764280253943655,0.05870416279612867,-0.3177238625982368
FFIV,2021,ranknet,bio_it,Information Technology,14983443948.56598,0.0760138234639186,1.5017882188598064,1.193171018231604,2021,2021-12-31,-0.14344278610387828,-0.2756808668192934,-0.1322380807154151
FTNT,2021,ranknet,bio_it,Information Technology,10991414034.500229,0.2298192116031836,1.4923721586072525,1.3593018864826705,2021,2021-12-31,0.04775049636296003,0.35740442640226733,0.3096539300393073
GEN,2021,ranknet,bio_it,Information Technology,14394233283.45485,0.2464844348193711,0.2222312748142893,0.4631423757371525,2021,2021-12-31,0.4785041747521286,-0.29512782751887695,-0.7736320022710055
GILD,2021,ranknet,bio_it,Health Care,74543566698.43965,0.1495285549111708,1.0227825413645992,0.8158733519165402,2021,2021-12-31,-0.5803706840322396,-0.299147391173814,0.28122329285842557
GLW,2021,ranknet,bio_it,Information Technology,31220304842.11361,0.1166107370276462,1.017064581587246,0.9518463602344136,2021,2021-12-31,-0.7313096960788549,-0.35204579593062596,0.3792639001482289
HPE,2021,ranknet,bio_it,Information Technology,21121873582.628365,0.1121062829178986,0.9476454117068558,1.0517238757166971,2021,2021-12-31,-1.7481416249138062,-0.3340800476614899,1.4140615772523164
HPQ,2021,ranknet,bio_it,Information Technology,39768399096.43895,0.6729444254383865,0.9706796766270116,1.1979469236862952,2021,2021-12-31,0.03625882018019344,1.7609778591129228,1.7247190389327294
IBM,2021,ranknet,bio_it,Information Technology,116928288221.9868,0.1022714240249675,0.9437937032280312,0.9526187873115252,2021,2021-12-31,-0.6450035214548713,-0.4189786215962982,0.2260248998585731
INCY,2021,ranknet,bio_it,Health Care,17577646105.121475,0.1115772731713729,1.302272770276432,0.9166202026879736,2021,2021-12-31,-0.4365348952285446,-0.3263144810604039,0.11022041416814071
INTC,2021,ranknet,bio_it,Information Technology,201808325592.04105,0.1387936876439374,1.1068758476309477,1.120482085116112,2021,2021-12-31,-1.0350163887272137,-0.17012726913474574,0.864889119592468
INTU,2021,ranknet,bio_it,Information Technology,170952813967.79663,0.1308414614092919,1.3148208593429165,1.2946692861820563,2021,2021-12-31,1.0054846389963017,-0.06860202264649004,-1.0740866616427918
IT,2021,ranknet,bio_it,Information Technology,24477209895.78058,0.3799358867758043,1.1302023068733515,1.04078059341148,2021,2021-12-31,1.0827581991153679,0.6635263921726198,-0.4192318069427481
KEYS,2021,ranknet,bio_it,Information Technology,30901232476.60315,0.1308547845118509,1.2261742910547315,1.1252766284999518,2021,2021-12-31,0.13072084188830635,-0.17076462989554705,-0.30148547178385343
LRCX,2021,ranknet,bio_it,Information Technology,8079293884.0774765,0.3750639787235434,1.097399449243582,1.218782764872021,2021,2021-12-31,-1.6329547475025723,0.7263947182285564,2.3593494657311287
MCHP,2021,ranknet,bio_it,Information Technology,20479297343.106453,0.0434443239739077,1.189487504296444,0.9654489926371363,2021,2021-12-31,-0.4437803430573971,-0.5717019214668344,-0.1279215784094373
MPWR,2021,ranknet,bio_it,Information Technology,22588490779.35791,0.1353676568430521,1.4492910726424963,1.5481856955557431,2021,2021-12-31,1.1579445716314445,0.10104271224052466,-1.0569018593909199
MRNA,2021,ranknet,bio_it,Health Care,69398898355.31259,0.6801846401193797,1.1020392866922384,2.2096977726285307,2021,2021-12-31,0.18996705032830352,2.312163762786915,2.1221967124586114
MSFT,2021,ranknet,bio_it,Information Technology,2118598241544.1235,0.2895397421101796,1.0805686630507425,1.1266396143892283,2021,2021-12-31,0.9252829362155728,0.3697487954642923,-0.5555341407512805
MSI,2021,ranknet,bio_it,Information Technology,40740240842.4666,0.3823430975470915,1.0466846031343309,1.0449170409753414,2021,2021-12-31,1.1481862350092178,0.6563149801086889,-0.49187125490052885
MU,2021,ranknet,bio_it,Information Technology,104199802901.58437,0.1132574494481159,1.0835713349429477,1.0551285973974551,2021,2021-12-31,-0.6785593828950562,-0.2991226254841207,0.3794367574109355
NOW,2021,ranknet,bio_it,Information Technology,22275599670.410156,0.0290983571891815,5.0,1.4946122690703592,2021,2021-12-31,-0.34297619692591663,0.4535618945978729,0.7965380915237895
NTAP,2021,ranknet,bio_it,Information Technology,17765871571.01349,0.1523470754341495,1.0709240539960985,1.0611350411849163,2021,2021-12-31,-0.0680615810436278,-0.1582115151674475,-0.09014993412381969
NVDA,2021,ranknet,bio_it,Information Technology,9305889720.91675,0.1651128178095873,1.4685124398680938,1.5457445713697644,2021,2021-12-31,-2.4149657657224717,0.21100896525151744,2.625974730973989
NXPI,2021,ranknet,bio_it,Information Technology,48590562393.20172,0.1473775746364967,1.108399148277197,1.137302054286372,2021,2021-12-31,-0.03625882018019322,-0.13064784488930475,-0.09438902470911154
ORCL,2021,ranknet,bio_it,Information Technology,248850952331.54297,0.4430534430240549,1.0315609079519907,1.0345146685877276,2021,2021-12-31,0.7035837370073446,0.866441976843691,0.1628582398363464
PTC,2021,ranknet,bio_it,Information Technology,14280177472.658203,0.1472645441596825,1.2321626485898287,1.1990805088149732,2021,2021-12-31,0.10529027695893434,-0.07417461420996689,-0.17946489116890124
QCOM,2021,ranknet,bio_it,Information Technology,204814394531.25,0.2967335308922383,1.168388708710751,1.2451219801322932,2021,2021-12-31,0.5267348082570316,0.47266363238988374,-0.054071175867147825
REGN,2021,ranknet,bio_it,Health Care,73822992193.60352,0.2894090544713275,1.073631960808364,1.0275504620984144,2021,2021-12-31,-0.1899670503283034,0.31911915524414847,0.5090862055724519
ROP,2021,ranknet,bio_it,Information Technology,49868827932.2374,0.0791951175675188,1.244993035059512,1.2313230331734573,2021,2021-12-31,-0.14692241732473477,-0.3005487341931849,-0.15362631686845013
SNPS,2021,ranknet,bio_it,Information Technology,47642603328.0,0.0793394234791662,1.6402386689741906,1.2295596660828554,2021,2021-12-31,0.2289602329785767,-0.21615548280313518,-0.4451157157817119
STX,2021,ranknet,bio_it,Information Technology,20272604573.811054,0.3167352616093843,0.8927616316130937,0.9399589615487556,2021,2021-12-31,0.2080478900755227,0.3356554631342554,0.12760757305873272
SWKS,2021,ranknet,bio_it,Information Technology,24232541016.170574,0.21853475412638,1.1060372034889152,1.2369360246187728,2021,2021-12-31,-0.11590259656975577,0.17385972796273927,0.28976232453249506
TDY,2021,ranknet,bio_it,Information Technology,20366911479.941708,0.0532931306659682,1.1870219846380323,1.4703938309005784,2021,2021-12-31,-0.48748681748391676,-0.2887610289592169,0.19872578852469985
TEL,2021,ranknet,bio_it,Information Technology,52647395500.7048,0.1641589606805978,1.0181829155577446,1.0787608827697914,2021,2021-12-31,-0.03756811745640176,-0.11835382941307691,-0.08078571195667515
TER,2021,ranknet,bio_it,Information Technology,19202567893.80324,0.2499244881035094,1.1215950756537771,1.2224514451942126,2021,2021-12-31,0.17550631065985378,0.2830431915094237,0.10753688084956992
TRMB,2021,ranknet,bio_it,Information Technology,18122690561.49019,0.0853606091176747,1.2278355570777464,1.113439399818911,2021,2021-12-31,-0.2343085965764471,-0.3399433125788013,-0.10563471600235419
TXN,2021,ranknet,bio_it,Information Technology,169452410989.94122,0.3986646300948361,1.0037972987799708,1.013121546961326,2021,2021-12-31,0.7843382835119295,0.6902387167660466,-0.09409956674588282
TYL,2021,ranknet,bio_it,Information Technology,18395720289.827023,0.062750036432005,1.2890594773678072,1.5100472253420116,2021,2021-12-31,0.588574511109295,-0.21337409487131556,-0.8019486059806106
VRSN,2021,ranknet,bio_it,Information Technology,24507848997.129547,-0.7832150491855331,1.0123997837397445,1.1525200913870737,2021,2021-12-31,-5.983627831175823,-3.4926904226958957,2.490937408479927
VRTX,2021,ranknet,bio_it,Health Care,66436879361.03256,0.13889008067007,1.5747554330088112,1.6463119478368422,2021,2021-12-31,0.20821882391150326,0.18881742344073696,-0.0194014004707663
WDC,2021,ranknet,bio_it,Information Technology,12202899640.37159,0.0447980894137766,1.0790646396168102,0.9932484567901234,2021,2021-12-31,-1.7851416642033717,-0.5768496485730241,1.2082920156303476
ZBRA,2021,ranknet,bio_it,Information Technology,21959089085.94605,0.1734643337459002,1.2065833188158568,1.2428499749121926,2021,2021-12-31,0.13687142856700651,0.036126080306168346,-0.10074534826083817
AAPL,2022,ranknet,bio_it,Information Technology,2066941655225.464,0.7667148302594936,1.0942853401570494,1.2691146607254564,2022,2022-12-31,1.5281291973071436,2.0643812273106343,0.5362520300034908
ABBV,2022,ranknet,bio_it,Health Care,281989264738.6217,0.2488136159382751,1.0892873353412538,1.0694753899129026,2022,2022-12-31,0.7991662852899618,0.1439029291271509,-0.655263356162811
ACN,2022,ranknet,bio_it,Information Technology,190417277685.8075,0.2319778516580671,1.0745241336124558,1.1910975719441854,2022,2022-12-31,0.6230398522473584,0.16796087615002536,-0.455078976097333
ADBE,2022,ranknet,bio_it,Information Technology,176422383764.64844,0.270639713539084,1.0803006342086334,1.255813953488372,2022,2022-12-31,1.0696496892442753,0.34607296588529063,-0.7235767233589847
ADI,2022,ranknet,bio_it,Information Technology,87328975624.96915,0.0667258145263666,1.2369934451858915,1.4758339929952224,2022,2022-12-31,-0.48541610869601304,-0.18904239635925046,0.2963737123367626
ADSK,2022,ranknet,bio_it,Information Technology,41132053053.45148,0.1019227806249622,1.6592046367993205,1.227953296176757,2022,2022-12-31,0.8955555984102468,-0.1954819660658087,-1.0910375644760555
AKAM,2022,ranknet,bio_it,Information Technology,12236395147.115875,0.0913574140922596,1.1973446856054992,1.209633080640688,2022,2022-12-31,-0.4785289202087678,-0.2910179285059159,0.1875109917028519
AMAT,2022,ranknet,bio_it,Information Technology,94113135802.503,0.3290948087489309,1.088726757328642,1.1787330763909478,2022,2022-12-31,0.32058973390244394,0.49523443019929925,0.1746446962968553
AMD,2022,ranknet,bio_it,Information Technology,157932162590.46664,0.0202879574869534,3.718726170191448,2.052113866460465,2022,2022-12-31,-0.3500514892408688,0.2970834053972378,0.6471348946381066
AMGN,2022,ranknet,bio_it,Health Care,129088755536.5,0.3032944279097905,1.0214403075609049,0.9806562312834872,2022,2022-12-31,0.807172823731631,0.2636299718967557,-0.5435428518348753
ANET,2022,ranknet,bio_it,Information Technology,12857882336.312223,0.1992068206832645,1.193889248538222,1.3460516637078077,2022,2022-12-31,-0.5982270108229888,0.17357516501664866,0.7718021758396374
APH,2022,ranknet,bio_it,Information Technology,24295540804.95779,0.2139782974144542,1.0757681191722346,1.199264323697573,2022,2022-12-31,-0.23150908247966795,0.11172915229123546,0.3432382347709034
AVGO,2022,ranknet,bio_it,Information Technology,24446756846.588287,0.3015700905009287,1.0261156946010546,0.98710047563526,2022,2022-12-31,-1.6810249591681339,0.2625900104007491,1.943614969568883
CDNS,2022,ranknet,bio_it,Information Technology,57341963600.463875,0.2630756302498391,1.0309100946377352,1.122339842596325,2022,2022-12-31,1.6406140688777306,0.22340888007940096,-1.4172051887983297
CDW,2022,ranknet,bio_it,Information Technology,26425438266.08148,0.3098403705727287,1.195680088941116,1.4120179887092144,2022,2022-12-31,0.7573656487220564,0.5999098854156514,-0.15745576330640498
CRM,2022,ranknet,bio_it,Information Technology,174180602416.9922,0.0190374031601111,5.0,1.2340389526476108,2022,2022-12-31,-0.40553152876551,-0.1396712467128234,0.26586028205268664
CSCO,2022,ranknet,bio_it,Information Technology,186664791760.72977,0.1746572033510985,1.0327821790259524,1.0311869043225288,2022,2022-12-31,-0.22158912366648065,-0.1433725924926924,0.07821653117378824
CTSH,2022,ranknet,bio_it,Information Technology,31031321230.164383,0.1505723372294925,1.0382285834989124,1.0428593063758895,2022,2022-12-31,-0.5237239716853602,-0.21772249637126428,0.30600147531409594
EPAM,2022,ranknet,bio_it,Information Technology,17245719608.0,0.1180901500415105,1.2091526622997095,1.5399763915821345,2022,2022-12-31,0.34329147615094135,0.029013743156085445,-0.3142777329948559
FFIV,2022,ranknet,bio_it,Information Technology,8663498889.485321,0.0696020324537219,1.4016767518110256,1.105519465551939,2022,2022-12-31,-0.6099934244942297,-0.4167858228357885,0.19320760165844114
FSLR,2022,ranknet,bio_it,Information Technology,23187477945.0,-0.0069816898128186,-0.970003826924918,1.0438125192230725,2022,2022-12-31,0.062090561333013605,-0.9620169323011876,-1.0241074936342012
FTNT,2022,ranknet,bio_it,Information Technology,52109044849.10587,0.4325611528263732,1.4175742892037593,1.3659449452672248,2022,2022-12-31,2.0324167871790024,1.013130744571096,-1.0192860426079065
GEN,2022,ranknet,bio_it,Information Technology,14228971986.338388,0.3821720738555954,0.5352138098472778,0.8988855945199877,2022,2022-12-31,0.6356649694341199,0.42998401390859653,-0.20568095552552335
GILD,2022,ranknet,bio_it,Health Care,103472316149.72516,0.1101322226823292,0.985469488993212,0.9879225802634402,2022,2022-12-31,-0.07159095847049124,-0.3999805691420154,-0.32838961067152417
GLW,2022,ranknet,bio_it,Information Technology,29866756494.757385,0.0814083110522005,1.1011453863207348,1.0231878002924588,2022,2022-12-31,-0.6229862503370952,-0.462983637593538,0.1600026127435572
HPE,2022,ranknet,bio_it,Information Technology,20675704730.88649,0.0284663918182305,1.0382253018605472,1.0499635356978076,2022,2022-12-31,-1.6253657777837434,-0.6332014478044575,0.9921643299792858
HPQ,2022,ranknet,bio_it,Information Technology,28619727895.985783,0.4088459540374265,0.87997096716621,0.964326427626879,2022,2022-12-31,0.05873401502489095,0.6015155577705118,0.5427815427456208
IBM,2022,ranknet,bio_it,Information Technology,118912471224.07004,0.0277544747519481,0.8754733524951325,0.9578345309845442,2022,2022-12-31,-0.5369143592605569,-0.7153234872303144,-0.1784091279697575
INCY,2022,ranknet,bio_it,Health Care,16113681102.38124,0.0361372413077256,1.5611697026289622,0.9313983955233902,2022,2022-12-31,-0.4443980835162269,-0.6354534025892673,-0.1910553190730404
INTC,2022,ranknet,bio_it,Information Technology,135155782424.92676,0.0523624512626056,2.6576187871937313,1.205580584038891,2022,2022-12-31,-1.361185025219082,-0.2807518895351799,1.080433135683902
INTU,2022,ranknet,bio_it,Information Technology,120499373272.5,0.086834249050916,1.5682321817967269,1.5208147221725925,2022,2022-12-31,0.3854184737692068,-0.05552407905494597,-0.44094255282415273
IT,2022,ranknet,bio_it,Information Technology,25755569164.56436,0.3805203262774981,1.161322489036018,1.1829168833131765,2022,2022-12-31,1.259019665979712,0.6824645194211479,-0.576555146558564
KEYS,2022,ranknet,bio_it,Information Technology,32066966842.280884,0.1512977298702938,1.164962306602102,1.1076075171666064,2022,2022-12-31,0.22556946943982736,-0.15798654081710112,-0.3835560102569285
KLAC,2022,ranknet,bio_it,Information Technology,42914077423.28125,0.7083667459624088,1.119002908517219,1.221842329223931,2022,2022-12-31,0.9770401419935013,1.8335510185970934,0.856510876603592
LRCX,2022,ranknet,bio_it,Information Technology,5013752978.173218,0.4151883849740926,1.0780562424838716,1.168903758312715,2022,2022-12-31,-2.030900510707963,0.7837912030713026,2.8146917137792657
MCHP,2022,ranknet,bio_it,Information Technology,32205436519.322205,0.1442409170590528,1.1686826396440573,1.1472524961076431,2022,2022-12-31,0.04785963776912627,-0.1546847417413819,-0.20254437951050816
MPWR,2022,ranknet,bio_it,Information Technology,23678045104.21753,0.1858266446110539,1.2710016084824918,1.4496708151233852,2022,2022-12-31,1.0710351548151074,0.2064354278442337,-0.8645997269708736
MRNA,2022,ranknet,bio_it,Health Care,59334035553.928925,0.3305171622965762,1.2529191739305945,2.0260211552707528,2022,2022-12-31,-0.12811701786864393,1.0984352351995865,1.2265522530682305
MSFT,2022,ranknet,bio_it,Information Technology,1736942971469.441,0.2977993604279059,1.0969326588480066,1.196909411458685,2022,2022-12-31,0.7248251371228875,0.4008056048541885,-0.32401953226869906
MSI,2022,ranknet,bio_it,Information Technology,47855263631.88074,0.3851937247664679,1.0760033512310072,1.0967567079230285,2022,2022-12-31,1.3676265252829338,0.6307901543885054,-0.7368363708944284
MU,2022,ranknet,bio_it,Information Technology,54336685330.65372,0.1482935451064539,1.0882707408049042,1.1856785436976964,2022,2022-12-31,-1.312047155114704,-0.12246100915238237,1.1895861459623216
NOW,2022,ranknet,bio_it,Information Technology,18867632049.560547,0.0310481031656135,4.441003559755464,1.4253163842797456,2022,2022-12-31,-0.6476971481259451,-0.02337705398912067,0.6243200941368244
NTAP,2022,ranknet,bio_it,Information Technology,15777513348.931765,0.1863718800749846,1.071644087103617,1.0548281805845894,2022,2022-12-31,-0.09321107535604911,-0.08289241037914097,0.010318664976908143
NVDA,2022,ranknet,bio_it,Information Technology,46552972221.37452,0.2514048960513892,1.2822836284148067,1.5445327486982734,2022,2022-12-31,-1.0544295948538125,0.49846172180971104,1.5528913166635236
NXPI,2022,ranknet,bio_it,Information Technology,48395178468.01345,0.1983788098039487,1.113931169344219,1.1719339902647512,2022,2022-12-31,0.0,0.043111545362472734,0.043111545362472734
ON,2022,ranknet,bio_it,Information Technology,35559597972.41386,0.2294850197022065,0.9958303251424244,0.9343694499826484,2022,2022-12-31,0.2194239220903651,-0.02482630519816295,-0.24425022728852805
ORCL,2022,ranknet,bio_it,Information Technology,197604266966.35437,0.3246371362153164,1.1027998519212276,1.111930650783757,2022,2022-12-31,1.0197199818231002,0.43544198458072203,-0.5842779972423782
PTC,2022,ranknet,bio_it,Information Technology,14101335266.3088,0.0873434344843417,1.1975365832679972,1.1499549534043711,2022,2022-12-31,0.132797873502416,-0.34579156471303973,-0.47858943821545574
QCOM,2022,ranknet,bio_it,Information Technology,123242742736.8164,0.3176048776639633,1.138190368008297,1.2386959495402383,2022,2022-12-31,-0.12966293196056555,0.5018390267136689,0.6315019586742344
REGN,2022,ranknet,bio_it,Health Care,88000855169.67773,0.1314228716499955,1.2559826512615546,1.28208456607682,2022,2022-12-31,0.0,-0.09743112943618315,-0.09743112943618315
ROP,2022,ranknet,bio_it,Information Technology,46820349119.132996,0.2362174590768077,1.1387654461342802,1.037759052213148,2022,2022-12-31,-0.34750380821593296,0.08375434169310016,0.4312581499090331
SNPS,2022,ranknet,bio_it,Information Technology,53917582377.5,0.0957840247139804,1.4396906563775156,1.2012518341753329,2022,2022-12-31,0.4204656227863859,-0.2570893381250339,-0.6775549609114198
STX,2022,ranknet,bio_it,Information Technology,10366794026.026451,0.4613264529450901,0.9733505050770912,1.0225501498731842,2022,2022-12-31,-0.17206811995921312,0.8315773253368325,1.0036454452960455
SWKS,2022,ranknet,bio_it,Information Technology,14595477322.424498,0.1763668949460053,1.1325240030809458,1.2331988611438451,2022,2022-12-31,-0.5344376907333869,0.011273800907902823,0.5457114916412897
TDY,2022,ranknet,bio_it,Information Technology,19474832141.963745,0.0875469197162983,1.10788862423496,1.3079271740359606,2022,2022-12-31,-0.46581892047515683,-0.2456706157433105,0.22014830473184632
TEL,2022,ranknet,bio_it,Information Technology,36418069600.51084,0.1735464877952657,1.0178709488509643,1.0732865196320838,2022,2022-12-31,-0.28017012500646143,-0.11979496718444546,0.16037515782201597
TER,2022,ranknet,bio_it,Information Technology,16776706622.034212,0.1761277241981273,1.1369887675540298,1.0992273686185867,2022,2022-12-31,0.18136030804158176,-0.08108325318105115,-0.2624435612226329
TRMB,2022,ranknet,bio_it,Information Technology,12945207504.557938,0.0751672366951321,1.2058652394574527,1.0856328182487125,2022,2022-12-31,-0.4649971437933861,-0.43103191306817645,0.03396523072520963
TXN,2022,ranknet,bio_it,Information Technology,168563334950.01288,0.4189782204187607,1.0148122232777042,1.0716584371238362,2022,2022-12-31,0.8515782592287764,0.723690738406176,-0.12788752082260035
TYL,2022,ranknet,bio_it,Information Technology,14830790071.78711,0.0579955076736317,0.8065434158861294,0.4175808287445781,2022,2022-12-31,0.41888466433046734,-0.9891047159607441,-1.4079893802912116
VRSN,2022,ranknet,bio_it,Information Technology,22164144140.349747,-0.5413292698043646,1.0625905775942364,1.6197521774679138,2022,2022-12-31,-5.842027732560031,-2.2010828088077345,3.6409449237522966
VRTX,2022,ranknet,bio_it,Health Care,81001802198.86395,0.1562000160229026,1.1374212170721216,1.0528759459844523,2022,2022-12-31,0.3567806646970827,-0.18146646352786155,-0.5382471282249442
WDC,2022,ranknet,bio_it,Information Technology,8170150164.596695,0.0750942362395176,1.061993909001581,1.0260161346354266,2022,2022-12-31,-2.1308468369441713,-0.48672728386337266,1.6441195530807986
ZBRA,2022,ranknet,bio_it,Information Technology,16346707956.0,0.0981201700949696,1.273164832345718,1.1217002237136466,2022,2022-12-31,0.005634881083964816,-0.32046334499954077,-0.3260982260835056
AAPL,2023,ranknet,bio_it,Information Technology,2994371323574.707,0.6347673125454832,1.097640230404512,1.200755879014403,2023,2023-12-31,1.7762679635057381,1.556033753423133,-0.22023421008260513
ABBV,2023,ranknet,bio_it,Health Care,321674809455.5977,0.1152147198926799,1.1201226384285428,1.0546928924380734,2023,2023-12-31,1.040243980141248,-0.35961604445095274,-1.3998600245922006
ACN,2023,ranknet,bio_it,Information Technology,210080820321.4646,0.2019983562611305,1.0891434276230676,1.1565704768714395,2023,2023-12-31,0.6215404769158643,-0.004868803930138624,-0.626409280846003
ADBE,2023,ranknet,bio_it,Information Technology,228079202758.78903,0.2649981791961124,1.0666136976181722,1.1521154053181182,2023,2023-12-31,1.2110244818120597,0.21777851378558105,-0.9932459680264787
ADI,2023,ranknet,bio_it,Information Technology,95460896682.97408,0.0812911320628702,1.126208458933392,1.118707759387601,2023,2023-12-31,-0.34839765874828843,-0.4520305572603104,-0.10363289851202195
ADSK,2023,ranknet,bio_it,Information Technology,41837521080.557465,0.1473409471705969,1.4181431800510258,1.1748563877127214,2023,2023-12-31,0.814521238040069,-0.19505109103126952,-1.0095723290713385
AKAM,2023,ranknet,bio_it,Information Technology,16480435751.703646,0.0900354868331618,1.1777340807261238,1.1140740629934216,2023,2023-12-31,-0.20228559562901383,-0.42351945463425944,-0.22123385900524561
AMAT,2023,ranknet,bio_it,Information Technology,136544327887.71552,0.2764740676158474,1.1065942867351135,1.1805437553101104,2023,2023-12-31,0.5068214752245415,0.2708526928936006,-0.23596878233094087
AMD,2023,ranknet,bio_it,Information Technology,291633375807.87225,0.012309118109331,5.0,1.4640965142679072,2023,2023-12-31,0.23684115335439682,-0.5870496073323277,-0.8238907606867245
AMGN,2023,ranknet,bio_it,Health Care,152372465857.50726,0.2698599744872357,1.0907832908731798,1.063086581889234,2023,2023-12-31,0.8211504097780377,0.19522491336165448,-0.6259254964163832
ANET,2023,ranknet,bio_it,Information Technology,22664374560.61386,0.2204391444252477,1.1535176762959694,1.300298488983738,2023,2023-12-31,-0.3262861490732223,0.12402769456189663,0.45031384363511895
APH,2023,ranknet,bio_it,Information Technology,34596628189.12207,0.1855340929282749,1.0666382269543009,1.099536037228484,2023,2023-12-31,0.003691004103584028,-0.08862769663930688,-0.0923187007428909
AVGO,2023,ranknet,bio_it,Information Technology,55240587142.0,0.3516800550878056,1.0398532829221323,1.082092581927358,2023,2023-12-31,-0.8772982811996002,0.49565294737562265,1.3729512285752228
CDNS,2023,ranknet,bio_it,Information Technology,84742555587.677,0.2646360430967576,1.0384137809216658,1.1856200933287304,2023,2023-12-31,1.870832573460763,0.23170485455353923,-1.6391277189072238
CDW,2023,ranknet,bio_it,Information Technology,34329542973.983185,0.2586341330568264,1.138928276828793,1.1650885137916838,2023,2023-12-31,0.8853884135475028,0.20008094621174966,-0.6853074673357531
CRM,2023,ranknet,bio_it,Information Technology,198369995117.1875,0.0026214967162595,4.170199193079054,1.2550596693224625,2023,2023-12-31,-0.2827241115557313,-0.7053312405993986,-0.42260712904366726
CSCO,2023,ranknet,bio_it,Information Technology,211379740558.84537,0.1715309154330881,1.087972586880784,1.1170602670746088,2023,2023-12-31,-0.1431289589895901,-0.13094280190964047,0.012186157079949633
CTSH,2023,ranknet,bio_it,Information Technology,36486842981.06799,0.1316787258951184,1.0069616333219031,0.9363662539591132,2023,2023-12-31,-0.38374616984383625,-0.35235621999883615,0.0313899498450001
EPAM,2023,ranknet,bio_it,Information Technology,15969642059.450624,0.1021262042233604,1.1256435235203852,1.0713874938958787,2023,2023-12-31,0.16454824928717104,-0.39886713527989404,-0.5634153845670651
FFIV,2023,ranknet,bio_it,Information Technology,10686396369.683271,0.0781931472210964,1.192721651715893,0.9966098504668912,2023,2023-12-31,-0.4496659345129155,-0.5181128110218403,-0.06844687650892478
FICO,2023,ranknet,bio_it,Information Technology,28766827724.91333,3.860950964077862,1.038039852137106,1.0148665240904426,2023,2023-12-31,3.406104784597559,12.96432955715388,9.55822477255632
FSLR,2023,ranknet,bio_it,Information Technology,18036099541.277058,0.1149496925066927,1.058231370153272,1.3544929107819232,2023,2023-12-31,-0.28455695308522544,-0.22651844498472387,0.05803850810050157
FTNT,2023,ranknet,bio_it,Information Technology,52122642195.011475,0.5059160348674402,1.377600210010488,1.316909876824076,2023,2023-12-31,1.9353024148831657,1.1456808118897328,-0.7896216029934329
GEN,2023,ranknet,bio_it,Information Technology,11886295031.530792,0.3177457696878331,0.8085054758440623,1.1771662497157152,2023,2023-12-31,-0.1695466025481498,0.4196492718462464,0.5891958743943961
GILD,2023,ranknet,bio_it,Health Care,91252990622.0,0.1285073694922855,1.1045021968960635,1.1082794127367672,2023,2023-12-31,-0.2631240078918752,-0.2882639148837518,-0.025139906991876626
GLW,2023,ranknet,bio_it,Information Technology,28130512706.94093,0.0367968962074169,1.0909545324770509,1.0313398402839398,2023,2023-12-31,-0.6215478101387678,-0.6489718510016254,-0.027424040862857546
HPE,2023,ranknet,bio_it,Information Technology,19876999950.408936,0.062888539669282,1.1865618787251389,1.1158196134574088,2023,2023-12-31,-1.6814631511280083,-0.5195270318853282,1.16193611924268
HPQ,2023,ranknet,bio_it,Information Technology,28448808403.591713,0.3501033450606344,0.8949243757101745,0.936587517459384,2023,2023-12-31,-0.08313303966825947,0.4269223036147289,0.5100553432829884
IBM,2023,ranknet,bio_it,Information Technology,175061602328.98315,0.1253000299289771,1.0264386215160566,1.0284652036997346,2023,2023-12-31,-0.12614130598197448,-0.3343236741559141,-0.2081823681739396
INCY,2023,ranknet,bio_it,Health Care,12791253786.239746,0.0566239408947651,1.4951676331641568,1.108040178039463,2023,2023-12-31,-0.7984102943732962,-0.5487223151393525,0.2496879792339437
INTC,2023,ranknet,bio_it,Information Technology,186750752258.3008,0.010695603430685,5.0,0.9644087380884412,2023,2023-12-31,-1.0313497033374626,-0.8150640330133037,0.2162856703241589
INTU,2023,ranknet,bio_it,Information Technology,138714439481.48642,0.092181311341515,1.395294399680862,1.2483321987746767,2023,2023-12-31,0.48057441124708755,-0.35857026003625975,-0.8391446712833472
IT,2023,ranknet,bio_it,Information Technology,37164952313.21203,0.3196412280005788,1.14963734284645,1.165311148120973,2023,2023-12-31,1.400779716845424,0.4173430248756584,-0.9834366919697655
JBL,2023,ranknet,bio_it,Information Technology,14754624741.434263,0.2038225773004066,1.0166955020645965,1.0186591172307295,2023,2023-12-31,0.1028787337442083,-0.058912914548515626,-0.16179164829272394
KEYS,2023,ranknet,bio_it,Information Technology,26827335047.491272,0.1302092863536842,1.1440648088327148,1.063788928780162,2023,2023-12-31,-0.003691004103583806,-0.30243117617573223,-0.2987401720721484
KLAC,2023,ranknet,bio_it,Information Technology,62708029641.523865,0.5044071298760455,1.1339527354154717,1.2687084886516449,2023,2023-12-31,1.0350262090959341,1.121568597238294,0.08654238814235993
LRCX,2023,ranknet,bio_it,Information Technology,8305435636.896893,0.3363273912710145,1.0750697831506193,1.0945747736453129,2023,2023-12-31,-1.6783289819281648,0.4461347909020919,2.1244637728302567
MCHP,2023,ranknet,bio_it,Information Technology,48860953698.39401,0.2261936678708536,1.116135085010072,1.220729590965085,2023,2023-12-31,0.39810092141308906,0.10954424559386619,-0.28855667581922284
MPWR,2023,ranknet,bio_it,Information Technology,32963933788.391113,0.1496212759936226,1.2486100689119788,1.1928535205907702,2023,2023-12-31,1.246796413450614,-0.1770437166605277,-1.4238401301111416
MRNA,2023,ranknet,bio_it,Health Care,40713720111.68409,-0.2022991959907882,-0.2282674983851016,1.832289455975982,2023,2023-12-31,-0.4326630276686694,-1.1296268268442,-0.6969637991755306
MSFT,2023,ranknet,bio_it,Information Technology,2345947895221.5,0.2475478198294664,1.094647707919124,1.1770401967805213,2023,2023-12-31,0.883560433100059,0.16640354103142352,-0.7171568920686355
MSI,2023,ranknet,bio_it,Information Technology,58973887420.57144,0.3934740776144555,1.0858246946314083,1.126895789965589,2023,2023-12-31,1.409380864568687,0.6639249821053184,-0.7454558824633686
MU,2023,ranknet,bio_it,Information Technology,83582386948.36176,-0.1093945645332812,-0.9080957654858568,1.064865713836972,2023,2023-12-31,-0.7495581082717617,-1.1325590144772941,-0.3830009062055324
NOW,2023,ranknet,bio_it,Information Technology,31258399124.145508,0.1203406170166371,2.732995664944668,1.3261369443025035,2023,2023-12-31,-0.42290564746730785,-0.2385075103336441,0.18439813713366376
NTAP,2023,ranknet,bio_it,Information Technology,16571732232.451286,0.2328761000868728,1.1199781727719575,1.0587904162122226,2023,2023-12-31,-0.09077731841963566,0.06126895994034784,0.1520462783599835
NVDA,2023,ranknet,bio_it,Information Technology,68540031356.81152,0.1139539571693403,1.9593405875122536,1.548571538210633,2023,2023-12-31,-0.6179134625406745,-0.15373102689461465,0.4641824356460598
NXPI,2023,ranknet,bio_it,Information Technology,63542911945.91218,0.1766717573088615,1.1605407690521716,1.1792521212638043,2023,2023-12-31,0.1906408941650799,-0.08577441729399907,-0.27641531145907894
ON,2023,ranknet,bio_it,Information Technology,31430023658.703552,0.221673801467773,0.9873426990645612,0.9247438184170952,2023,2023-12-31,-0.03887082408853426,-0.036783494677251324,0.002087329411282937
ORCL,2023,ranknet,bio_it,Information Technology,326769639353.3478,0.2799237266039044,1.1827188644314668,1.2210217333614952,2023,2023-12-31,1.1765328941324702,0.3002997219406703,-0.8762331721918
PANW,2023,ranknet,bio_it,Information Technology,37497330991.2692,0.0626693091884242,3.423313886907,1.269647162307484,2023,2023-12-31,0.47698352047313963,-0.4766929476663595,-0.9536764681394991
PTC,2023,ranknet,bio_it,Information Technology,20863062960.43344,0.0599761907680272,1.2796658956578526,1.1779053576301224,2023,2023-12-31,0.42940266773852875,-0.5033157333445198,-0.9327184010830486
QCOM,2023,ranknet,bio_it,Information Technology,160973195434.5703,0.1559824458847887,1.2653233806535396,1.135554275739638,2023,2023-12-31,0.045645034215629376,-0.1800607283598875,-0.2257057625755169
REGN,2023,ranknet,bio_it,Health Care,102697681958.0078,0.1036765692932149,1.448192791050991,1.361056588449063,2023,2023-12-31,0.0,-0.26807437863967376,-0.26807437863967376
ROP,2023,ranknet,bio_it,Information Technology,60022408113.85492,0.0658997797983601,1.2052183750648895,1.165321252059308,2023,2023-12-31,-0.14908997468238105,-0.48699019845901187,-0.3379002237766308
SNPS,2023,ranknet,bio_it,Information Technology,81062197670.68286,0.1064614114548944,1.5054395187587897,1.2186014058698955,2023,2023-12-31,0.749255529520156,-0.3221568596279649,-1.0714123891481209
STX,2023,ranknet,bio_it,Information Technology,13677583676.986052,-0.2559056103723466,-1.5827685407157084,0.8734218193590159,2023,2023-12-31,0.6905130985515608,-1.7320437011958243,-2.422556799747385
SWKS,2023,ranknet,bio_it,Information Technology,17982125855.253895,0.1234080224763844,1.10643909538852,1.041689885503273,2023,2023-12-31,-0.38459666421964234,-0.3360670522430548,0.04852961197658756
TDY,2023,ranknet,bio_it,Information Technology,20339620510.15484,0.0872996793431883,1.0829189749098755,1.086405322783672,2023,2023-12-31,-0.5035261712835566,-0.4445190112968857,0.05900715998667089
TEL,2023,ranknet,bio_it,Information Technology,43664488137.5,0.1292174377357708,1.0181419550660953,1.017295889901432,2023,2023-12-31,-0.1158922298872227,-0.32524773519750494,-0.20935550531028224
TER,2023,ranknet,bio_it,Information Technology,17272085168.10896,0.1069317560284353,1.1189838901194815,0.9855557794633648,2023,2023-12-31,0.21574666304356005,-0.41985698284928885,-0.6356036458928489
TRMB,2023,ranknet,bio_it,Information Technology,15812427119.115557,0.0469245925112571,1.4489489506729154,1.2015864606749618,2023,2023-12-31,-0.33048442282432977,-0.541144071145375,-0.21065964832104522
TXN,2023,ranknet,bio_it,Information Technology,158407011618.1667,0.2766482726493142,1.0450049491889328,1.138370720188902,2023,2023-12-31,0.7077545325859826,0.2533971501372317,-0.45435738244875096
TYL,2023,ranknet,bio_it,Information Technology,17967780974.21289,0.053145312019318,0.8921831113624947,0.5691192843924442,2023,2023-12-31,0.5510449873620089,-0.7941427172643694,-1.3451877046263783
VRSN,2023,ranknet,bio_it,Information Technology,19121558445.739742,-0.6723550234019522,1.047461069756659,1.2859140221297811,2023,2023-12-31,-5.804235587378624,-3.0609548588894118,2.7432807284892124
VRTX,2023,ranknet,bio_it,Health Care,107975252688.69728,0.1391508116118744,1.280992134858827,1.1437804806392855,2023,2023-12-31,0.4326577250935778,-0.2365226602672892,-0.669180385360867
WDC,2023,ranknet,bio_it,Information Technology,11102125926.657,-0.0930099974508919,-1.201391142098628,0.8791040782784849,2023,2023-12-31,-1.7011285276908137,-1.1535800830789602,0.5475484446118535
ZBRA,2023,ranknet,bio_it,Information Technology,15488412054.402891,0.0585012446025107,1.0790391092064302,0.9273675762439808,2023,2023-12-31,-0.08028469151393014,-0.6177860933975059,-0.5375014018835758
AAPL,2024,ranknet,bio_it,Information Technology,3785304367982.1016,0.5974632804977831,1.0753307354853454,1.1015036431945464,2024,2024-12-31,1.8497640955562253,0.8289081071866922,-1.0208559883695332
ABBV,2024,ranknet,bio_it,Health Care,369877157600.0897,0.1021493399336948,1.7340167466290968,1.5219362994262882,2024,2024-12-31,0.9609145319432622,-0.16395897973965812,-1.1248735116829203
ACN,2024,ranknet,bio_it,Information Technology,227514948307.1234,0.1959702241914384,1.0476434003828916,1.0288359038357997,2024,2024-12-31,0.4808117077728953,-0.04760605237397527,-0.5284177601468706
ADBE,2024,ranknet,bio_it,Information Technology,190905166937.25583,0.3006891470236231,1.0624087419875043,1.11716251574765,2024,2024-12-31,1.0009276976100712,0.1946937925217942,-0.806233905088277
ADI,2024,ranknet,bio_it,Information Technology,114178053019.57776,0.0404022115684878,1.04401169200252,0.8773286688138184,2024,2024-12-31,-0.29649412674768527,-0.4119544421912822,-0.11546031544359692
ADSK,2024,ranknet,bio_it,Information Technology,53312354296.058,0.1342190723260184,1.4029026732244785,1.1481865780762688,2024,2024-12-31,0.733029410622352,-0.16325013538424027,-0.8962795460065923
AKAM,2024,ranknet,bio_it,Information Technology,12100561648.0,0.0775441656487239,1.2770656735107144,1.1512833967635905,2024,2024-12-31,-0.713869226439417,-0.28199399577237944,0.43187523066703754
AMAT,2024,ranknet,bio_it,Information Technology,146748029429.63687,0.2549952666811489,1.088424391680345,1.103044311111815,2024,2024-12-31,0.31775255738221153,0.093216420229792,-0.22453613715241955
AMD,2024,ranknet,bio_it,Information Technology,166487902354.1656,0.0222070356204377,2.4947564888094007,1.1871143168829477,2024,2024-12-31,-0.5213019930133765,-0.41693912178750103,0.10436287122587551
AMGN,2024,ranknet,bio_it,Health Care,167366193433.97247,0.1545080078253453,1.2666620948163525,1.2748682645578493,2024,2024-12-31,0.6266784814434501,-0.09181496703930087,-0.718493448482751
ANET,2024,ranknet,bio_it,Information Technology,97711782971.5848,0.2258674966540375,1.1298782273382808,1.249115281048834,2024,2024-12-31,0.7126032606006916,0.058964972356614964,-0.6536382882440765
APH,2024,ranknet,bio_it,Information Technology,79434805373.01852,0.1991480152860787,1.1060312419865037,1.3120126832311052,2024,2024-12-31,0.5422379148118222,0.01455302673156822,-0.5276848880802539
AVGO,2024,ranknet,bio_it,Information Technology,934799403859.8582,0.0660637943780222,1.4085162627002696,1.9518266119556769,2024,2024-12-31,1.0155202999663338,-0.14959362833477932,-1.1651139283011132
CDNS,2024,ranknet,bio_it,Information Technology,69713888141.90674,0.2008185859738617,1.038757553791884,1.1702708986877994,2024,2024-12-31,1.2514740799033774,-0.008828950851739105,-1.2603030307551166
CDW,2024,ranknet,bio_it,Information Technology,21233210943.178207,0.2278512296908129,1.0910442936773554,0.9965050904117916,2024,2024-12-31,0.16800951028338518,0.01361490956428893,-0.15439460071909625
CRM,2024,ranknet,bio_it,Information Technology,260871802368.1641,0.0501485049651065,1.3680012897912306,1.023572599989495,2024,2024-12-31,-0.18203931417963548,-0.36803893715991287,-0.1859996229802774
CRWD,2024,ranknet,bio_it,Information Technology,104965931304.93164,-0.0031175023429648,5.0,1.5413420781785747,2024,2024-12-31,1.498493899973891,-0.4484746657822137,-1.9469685657561047
CSCO,2024,ranknet,bio_it,Information Technology,218572546494.19345,0.1356126669473944,1.1201175345851238,1.1084163981113693,2024,2024-12-31,-0.2784909825081183,-0.16279511854884735,0.11569586395927098
CTSH,2024,ranknet,bio_it,Information Technology,37838086821.0,0.1292541419179819,1.001328591784834,0.9628080657206872,2024,2024-12-31,-0.5527071116599189,-0.2032157081478248,0.3494914035120941
DELL,2024,ranknet,bio_it,Information Technology,98389798278.8086,0.1537562069958588,0.7058907479592174,0.9516125574382026,2024,2024-12-31,0.21639499646234728,-0.1471782911650798,-0.3635732876274271
EPAM,2024,ranknet,bio_it,Information Technology,9604991323.189451,0.1060783180475952,1.078161276933419,0.9672706331516812,2024,2024-12-31,-0.526382663263313,-0.2535805315678631,0.27280213169544987
FFIV,2024,ranknet,bio_it,Information Technology,14739880173.101349,0.1054049393454158,0.9955569348661172,0.9104745150867506,2024,2024-12-31,-0.32517414611824713,-0.2647741792288317,0.06039996688941546
FICO,2024,ranknet,bio_it,Information Technology,48474971827.5387,-4.404645427750127,1.0641391165834886,1.1467502920468071,2024,2024-12-31,-5.938742894667864,-9.908258845485125,-3.9695159508172617
FSLR,2024,ranknet,bio_it,Information Technology,13535861967.822762,0.1504629540662558,1.049989420994461,1.3260769771555327,2024,2024-12-31,-0.878493941265961,-0.08616945768193406,0.792324483584027
FTNT,2024,ranknet,bio_it,Information Technology,74021444850.82584,0.3749421698467998,1.2376780225304933,1.1909948384612974,2024,2024-12-31,1.4329294969102129,0.36559410557731487,-1.067335391332898
GDDY,2024,ranknet,bio_it,Information Technology,25463852820.5632,0.913853738792258,1.0139161073469554,1.038051349572087,2024,2024-12-31,1.8787811838695434,1.49715557745305,-0.38162560641649335
GEN,2024,ranknet,bio_it,Information Technology,15641124220.433155,0.1495360936917562,0.8902622697296303,1.1531550355202675,2024,2024-12-31,0.0006217344900694144,-0.11958506665175121,-0.12020680114182063
GILD,2024,ranknet,bio_it,Health Care,139541030047.59454,0.0116217553824296,1.434281148588663,1.0875076455824353,2024,2024-12-31,0.0,-0.4393277883972117,-0.4393277883972117
GLW,2024,ranknet,bio_it,Information Technology,39213498920.16965,0.033948313571857,0.9829393724370622,0.943982479553776,2024,2024-12-31,-0.3662491513474164,-0.411370284797043,-0.045121133449626594
HPE,2024,ranknet,bio_it,Information Technology,27871926933.44411,0.0718279499297763,1.0326107773150988,0.9986934795199548,2024,2024-12-31,-1.586836060303955,-0.3200317921558035,1.2668042681481515
HPQ,2024,ranknet,bio_it,Information Technology,30478426420.0,0.3091887393341708,0.9761642981782148,1.049942585688893,2024,2024-12-31,-0.1110077346771483,0.2011987364301251,0.3122064711072734
IBM,2024,ranknet,bio_it,Information Technology,230573552190.86337,0.0916607082330302,1.1834455038904492,1.0871125982717171,2024,2024-12-31,-0.07824974595436363,-0.2626734318717299,-0.1844236859173663
INCY,2024,ranknet,bio_it,Health Care,11717899244.852638,0.0032546674339714,5.0,1.5427567090933658,2024,2024-12-31,-1.061016064814553,-0.43450289055854274,0.6265131742560103
INTC,2024,ranknet,bio_it,Information Technology,98334296035.7666,-0.1229691285089723,-0.920300287573614,0.974077206354644,2024,2024-12-31,-1.7725354949334333,-0.7062239043278319,1.0663115906056015
INTU,2024,ranknet,bio_it,Information Technology,171062204178.4668,0.1049185284157395,1.3338526736353675,1.144618517052203,2024,2024-12-31,0.4676811303534505,-0.2255941586145238,-0.6932752889679743
IT,2024,ranknet,bio_it,Information Technology,32243666740.162354,0.3464903897437224,1.154796262635159,1.1132935043143388,2024,2024-12-31,0.8537375955096416,0.2905603991484893,-0.5631771963611523
JBL,2024,ranknet,bio_it,Information Technology,15327491247.64206,0.4798306535535596,1.0041693298912573,0.9987096774193548,2024,2024-12-31,0.33388941643965664,0.5570556686199742,0.2231662521803176
KEYS,2024,ranknet,bio_it,Information Technology,30885363516.36267,0.0700658941851741,1.2334679555396564,1.07,2024,2024-12-31,-0.07384909298712095,-0.3134312981440918,-0.23958220515697087
KLAC,2024,ranknet,bio_it,Information Technology,104100077676.97302,0.3691771985056307,1.0994605649382192,1.0621765579255915,2024,2024-12-31,1.2993840752587278,0.33016558573097937,-0.9692184895277485
LRCX,2024,ranknet,bio_it,Information Technology,10598920829.956057,0.2697929732067842,1.1046477411906213,1.124482597543981,2024,2024-12-31,-1.6252038119275356,0.12897151009792884,1.7541753220254646
MCHP,2024,ranknet,bio_it,Information Technology,49125068634.0,0.1862287520727327,1.0787660597733284,1.0284657232728946,2024,2024-12-31,0.23453836071862932,-0.06920118461306286,-0.3037395453316922
MPWR,2024,ranknet,bio_it,Information Technology,27761321745.117188,0.4338910293726992,1.3071324825170765,1.2915579904414278,2024,2024-12-31,0.5747388353616998,0.5109597439069306,-0.06377909145476923
MRNA,2024,ranknet,bio_it,Health Care,10937880260.127075,-0.1609386783737658,-0.5494751255230618,1.0945965587021902,2024,2024-12-31,-1.9219926347399494,-0.7708398679251626,1.151152766814787
MSFT,2024,ranknet,bio_it,Information Technology,3198436324608.968,0.242796962876468,1.07710374715345,1.1323157483920334,2024,2024-12-31,0.8424338074619275,0.07306017539999878,-0.7693736320619288
MSI,2024,ranknet,bio_it,Information Technology,73086666547.55908,0.2830948094869536,1.0923403419473892,1.1357713655867416,2024,2024-12-31,1.2405755116987136,0.16003348245750626,-1.0805420292412073
MU,2024,ranknet,bio_it,Information Technology,108601342318.28587,0.0141289619082254,1.5616972272086762,1.1042515163057811,2024,2024-12-31,-0.6543887384488031,-0.43303171305697696,0.2213570253918261
NOW,2024,ranknet,bio_it,Information Technology,32800967346.191406,0.0798998163046387,2.0774659873759904,1.291958438836986,2024,2024-12-31,-0.7242682404616426,-0.26414408366666575,0.46012415679497687
NTAP,2024,ranknet,bio_it,Information Technology,26132708302.642845,0.175687032321705,1.127291855453741,1.0720402337909474,2024,2024-12-31,0.20466284480274544,-0.08408782716590117,-0.2887506719686466
NVDA,2024,ranknet,bio_it,Information Technology,216005001068.11523,0.4699678428953767,1.1248092505734162,1.3541118609173053,2024,2024-12-31,-0.1065273641256852,0.6044088995760105,0.7109362637016957
NXPI,2024,ranknet,bio_it,Information Technology,48203038817.83026,0.1503452707252019,1.0949036102385132,1.0303620903792874,2024,2024-12-31,-0.27325422188688453,-0.1462218092374904,0.12703241264939413
ON,2024,ranknet,bio_it,Information Technology,17147625078.896152,0.1445993332497266,1.0068964359207926,1.0310923122588305,2024,2024-12-31,-0.8783590746982417,-0.1567437571265381,0.7216153175717036
ORCL,2024,ranknet,bio_it,Information Technology,389375440897.522,0.2634248106700466,1.112497005252446,1.0903281354635033,2024,2024-12-31,0.948756562088519,0.10833287639774976,-0.8404236856907692
PANW,2024,ranknet,bio_it,Information Technology,58661721813.96484,0.2271639338226757,2.329694610070748,1.1954885011411942,2024,2024-12-31,0.3092726267217214,0.028199241806096356,-0.28107338491562506
PLTR,2024,ranknet,bio_it,Information Technology,197394301568.71796,0.0651523650867198,1.4052011957645385,1.2918976776930933,2024,2024-12-31,1.9923830936064617,-0.2830296517245709,-2.2754127453310327
PTC,2024,ranknet,bio_it,Information Technology,22088133353.032227,0.0789902196012225,1.226562493472987,1.1577011295778894,2024,2024-12-31,0.2003174558270322,-0.27664580324883176,-0.47696325907586395
QCOM,2024,ranknet,bio_it,Information Technology,170671814575.1953,0.1928157470858899,1.1531374031689947,1.04930402258216,2024,2024-12-31,-0.15653565099386113,-0.05231333819047841,0.10422231280338272
REGN,2024,ranknet,bio_it,Health Care,68433414892.578125,0.101393143121651,1.5024758312887094,1.272956091906858,2024,2024-12-31,-0.7648040518633041,-0.21079997568523456,0.5540040761780696
ROP,2024,ranknet,bio_it,Information Technology,63312172178.25641,0.0677578981465059,1.2192550893776917,1.2342565413568365,2024,2024-12-31,-0.3151125687491987,-0.2853782937330222,0.02973427501617648
SMCI,2024,ranknet,bio_it,Information Technology,24605736310.57159,0.1776480195362856,1.2057993758660603,1.6237311417341689,2024,2024-12-31,-0.0006217344900694144,0.028595624330484126,0.02921735882055354
SNPS,2024,ranknet,bio_it,Information Technology,81227880361.40967,0.1513734045861298,1.4104653211148803,1.1338464310266274,2024,2024-12-31,0.3588209458682259,-0.12939868615085667,-0.4882196320190826
STX,2024,ranknet,bio_it,Information Technology,23022684271.084015,0.2249329286823962,0.3676203906646075,0.7715538236726741,2024,2024-12-31,1.4045790250532633,-0.02370897868661904,-1.4282880037398824
SWKS,2024,ranknet,bio_it,Information Technology,14181763202.123907,0.0716432752461985,1.158720533650921,1.018365965130057,2024,2024-12-31,-0.8001572238061736,-0.31891024304462323,0.48124698076155037
TDY,2024,ranknet,bio_it,Information Technology,23310152884.900208,0.076331969572565,1.2612039528089571,1.5881714519289047,2024,2024-12-31,-0.5579201023051402,-0.1972127933644151,0.3607073089407251
TEL,2024,ranknet,bio_it,Information Technology,42771210663.16815,0.2038966791923571,1.0266828945623854,1.046806167400881,2024,2024-12-31,-0.3288102821974348,-0.026595731745274943,0.30221455045215984
TER,2024,ranknet,bio_it,Information Technology,13357969824.836746,0.1183012378710348,1.1594025869543343,1.0772737286099103,2024,2024-12-31,-0.26417738945273705,-0.20694263883471337,0.05723475061802369
TRMB,2024,ranknet,bio_it,Information Technology,14825577612.280195,0.187616484606598,1.30222954997079,1.090152386614794,2024,2024-12-31,-0.7189683253596625,-0.05818200628475927,0.6607863190749033
TXN,2024,ranknet,bio_it,Information Technology,163586832110.58423,0.2012544207659028,1.056313624753472,1.0877017226735195,2024,2024-12-31,0.592178264665717,-0.024685331288522436,-0.6168635959542395
TYL,2024,ranknet,bio_it,Information Technology,25007793812.08496,0.0739041295395676,0.9552685703653208,1.1048953988084609,2024,2024-12-31,0.6161306399753497,-0.2929288549971731,-0.9090594949725228
VRSN,2024,ranknet,bio_it,Information Technology,24016101538.085938,-0.5058145059386889,1.0374106937129124,1.079169195495313,2024,2024-12-31,-5.938742894667864,-1.5450742252079233,4.393668669459941
VRTX,2024,ranknet,bio_it,Health Care,124496866169.36516,-0.0204987631057992,4.526579848527038,1.2863001553514055,2024,2024-12-31,0.34380609651504446,-0.5276319153116042,-0.8714380118266487
WDAY,2024,ranknet,bio_it,Information Technology,63958716003.41796,0.0889293508540823,5.0,1.2077658680317942,2024,2024-12-31,0.08194419455107704,-0.31721408704353055,-0.3991582815946076
WDC,2024,ranknet,bio_it,Information Technology,17728123981.789936,-0.044345339710586,-2.0031157848259102,0.8694459571206712,2024,2024-12-31,-1.348521378603602,-0.537534001030323,0.8109873775732791
ZBRA,2024,ranknet,bio_it,Information Technology,14517708887.04248,0.0928777318765706,1.1013098837250086,1.0280891102808911,2024,2024-12-31,-0.3960158684302474,-0.2702586930459933,0.12575717538425407
AAPL,2025,ranknet,bio_it,Information Technology,4017099110129.5166,0.6103319398753553,1.0740331287139178,1.118376576663616,2025,2025-12-31,1.713878935881472,0.738722396294715,-0.9751565395867571
ABBV,2025,ranknet,bio_it,Health Care,384559088132.72253,0.1178446996304705,1.0382020815486923,0.9250448645715956,2025,2025-12-31,1.4342353460499484,-0.22856184260114476,-1.6627971886510933
ACN,2025,ranknet,bio_it,Information Technology,156222912250.0,0.1919134675259125,1.0031488500917651,0.9047185257038716,2025,2025-12-31,-0.009938188145366622,-0.10389512256041211,-0.09395693441504549
ADBE,2025,ranknet,bio_it,Information Technology,107719306503.2959,0.4319137849365695,1.057324513085723,1.1674313990103464,2025,2025-12-31,0.5035924012432229,0.43972656370535224,-0.06386583753787067
ADI,2025,ranknet,bio_it,Information Technology,174214035355.686,0.0573889065781384,1.1343873987385342,1.1128310357828275,2025,2025-12-31,0.11167623995293696,-0.25729597946223504,-0.368972219415172
ADSK,2025,ranknet,bio_it,Information Technology,58415250000.0,0.1392479285786816,1.3468225438080736,1.1385976408912188,2025,2025-12-31,0.6178216024765768,-0.10184567901858745,-0.7196672814951642
AKAM,2025,ranknet,bio_it,Information Technology,16640399671.818283,0.066894875053787,1.259213464190336,1.1393566432358264,2025,2025-12-31,-0.4708908613149363,-0.23034168877051928,0.24054917254441702
AMAT,2025,ranknet,bio_it,Information Technology,255581511536.81067,0.2283771445750218,1.1306159056416956,1.2027102337723286,2025,2025-12-31,0.749064206883598,0.08855937240935413,-0.6605048344742439
AMD,2025,ranknet,bio_it,Information Technology,331674465850.00433,0.0520579242107933,2.0682525745139055,1.3461008760860944,2025,2025-12-31,0.0099381881453664,-0.1778886881104077,-0.1878268762557741
AMGN,2025,ranknet,bio_it,Health Care,189670964738.958,0.2421563731641863,1.2853458628192345,1.2744984895285292,2025,2025-12-31,0.8462527731635883,0.14234232720312623,-0.703910445960462
ANET,2025,ranknet,bio_it,Information Technology,154277722564.82025,0.2260830041423761,1.137096965639428,1.331082410854573,2025,2025-12-31,0.9237905692696717,0.13974686192351193,-0.7840437073461598
APH,2025,ranknet,bio_it,Information Technology,155311304529.86688,0.2600937568278744,1.1065601878888014,1.5685099427948788,2025,2025-12-31,0.8749384151660866,0.30363973879111783,-0.5712986763749688
APP,2025,ranknet,bio_it,Information Technology,134648574000.0,0.8201008374722797,0.8743899562445658,0.3315233406977573,2025,2025-12-31,2.1281462468129755,0.7783823531756355,-1.34976389363734
AVGO,2025,ranknet,bio_it,Information Technology,1515073984593.5725,0.214182313792779,1.201204774681039,1.4811323608598586,2025,2025-12-31,1.2692384209856922,0.1823178804802312,-1.086920540505461
BIIB,2025,ranknet,bio_it,Health Care,26905241206.96289,0.047828034067809,0.6286896838866644,0.8376478758961037,2025,2025-12-31,-0.9429285348417116,-0.3868768197670209,0.5560517150746906
CDNS,2025,ranknet,bio_it,Information Technology,75761532038.69629,0.1816321101028573,1.0325868981260804,1.1087607283316363,2025,2025-12-31,1.1463650371198302,-0.034687585270372315,-1.1810526223902025
CDW,2025,ranknet,bio_it,Information Technology,15610803586.737091,0.2065285857554369,1.1091681361682226,1.0866173639955423,2025,2025-12-31,-0.26592516509942565,-0.0004939977619640296,0.26543116733746164
CRM,2025,ranknet,bio_it,Information Technology,162937188873.29102,0.0880048592828727,1.331642838831639,1.1516114059467957,2025,2025-12-31,-0.7182475649948676,-0.1880537799225032,0.5301937850723645
CSCO,2025,ranknet,bio_it,Information Technology,289018231646.6699,0.1273088841834768,1.2107067713846542,1.165333777629679,2025,2025-12-31,-0.08717013796242501,-0.11004730453382564,-0.022877166571400626
CTSH,2025,ranknet,bio_it,Information Technology,29340447812.253113,0.1242694757239867,1.002264482911173,1.0007722007722009,2025,2025-12-31,-0.8804333417702206,-0.18390288255504114,0.6965304592151794
DDOG,2025,ranknet,bio_it,Information Technology,40999828509.90295,0.0144436095274232,5.0,1.4538140165787012,2025,2025-12-31,0.33199384296300605,-0.2355842403171286,-0.5675780832801347
DELL,2025,ranknet,bio_it,Information Technology,63864961486.816414,0.2211161541894522,0.8335186436912573,0.9718743374348402,2025,2025-12-31,-0.24870782426638893,-0.020363803619333362,0.22834402064705556
EPAM,2025,ranknet,bio_it,Information Technology,7330551472.155853,0.085930878480891,1.1196933578481878,1.1385643310969649,2025,2025-12-31,-0.8605439099680362,-0.19475909537709027,0.665784814590946
FFIV,2025,ranknet,bio_it,Information Technology,14827954550.544218,0.1174327158387864,1.0733763879639182,1.0339349495696035,2025,2025-12-31,-0.44985109099997234,-0.18275902276272926,0.2670920682372431
FICO,2025,ranknet,bio_it,Information Technology,40082988923.37317,-0.7793377637071532,1.0681100629217917,1.1584016982628649,2025,2025-12-31,-5.977266097723321,-1.7392430218353911,4.23802307588793
FSLR,2025,ranknet,bio_it,Information Technology,21168166086.9631,0.1492274438988824,1.0584885666177422,1.2821873764819984,2025,2025-12-31,-0.6459906746708931,-0.01837024291931589,0.6276204317515772
FTNT,2025,ranknet,bio_it,Information Technology,60466556105.98703,0.3801865187924112,1.2286617382391227,1.1939084938566449,2025,2025-12-31,1.1458794108925754,0.3561276327119754,-0.7897517781806
GDDY,2025,ranknet,bio_it,Information Technology,11024384608.21132,1.5766914294040433,1.0059796044377876,1.0124967456391565,2025,2025-12-31,1.6168737022805049,2.4290969374224516,0.8122232351419467
GEN,2025,ranknet,bio_it,Information Technology,18234753149.20114,0.1564662455896242,0.9491340115817096,1.0331930808789154,2025,2025-12-31,0.11792895458239538,-0.11143772846461916,-0.22936668304701455
GILD,2025,ranknet,bio_it,Health Care,173016772925.73633,0.1892989813406535,1.027987370804173,0.9858043234964952,2025,2025-12-31,0.4095004375959064,-0.07391453240072672,-0.4834149699966331
GLW,2025,ranknet,bio_it,Information Technology,116655205428.02994,0.0993134081883106,1.0194498665071363,1.0144763787868087,2025,2025-12-31,0.6101515210646724,-0.22301618467522566,-0.8331677057398981
HPE,2025,ranknet,bio_it,Information Technology,28719154450.820805,0.0015682177682648,0.3037752712916368,1.1123180305879568,2025,2025-12-31,-1.6076430818436818,-0.3473720591660729,1.2602710226776088
HPQ,2025,ranknet,bio_it,Information Technology,17845619617.376625,0.2554022443502841,0.9842239586004298,1.0266922192410886,2025,2025-12-31,-0.7830773487326592,0.06296972963302208,0.8460470783656813
IBM,2025,ranknet,bio_it,Information Technology,227370158613.02924,0.1456468338191777,1.1626646497536277,1.1099906037206173,2025,2025-12-31,-0.23228050735433903,-0.10039774636969649,0.13188276098464252
INCY,2025,ranknet,bio_it,Health Care,18731243968.929615,0.106912156218507,1.1939476259645343,0.9940572017587812,2025,2025-12-31,-0.49581532384734384,-0.2203620582183071,0.2754532656290367
INTC,2025,ranknet,bio_it,Information Technology,220429355335.2356,-0.0016169688139755,-2.090022009056334,0.8438288765886632,2025,2025-12-31,-1.0832140164885316,-0.4390266367189142,0.6441873797696174
INTU,2025,ranknet,bio_it,Information Technology,186116274346.61865,0.1259529344267997,1.2443353823986547,1.1505858564910825,2025,2025-12-31,0.4294326437345093,-0.11926540192464402,-0.5486980456591533
IT,2025,ranknet,bio_it,Information Technology,11155099293.963318,0.2648059015457751,1.1703868507888924,1.0982583279690732,2025,2025-12-31,0.02680737378184217,0.10840728308130029,0.08159990929945812
JBL,2025,ranknet,bio_it,Information Technology,22511695996.56169,0.2479329076501976,0.9841143967154294,0.9264179867143588,2025,2025-12-31,0.7674132418948427,0.006294434983911287,-0.7611188069109315
KEYS,2025,ranknet,bio_it,Information Technology,37169199398.51656,0.0869015786708668,1.2762566217651117,1.1098177362536377,2025,2025-12-31,-0.037075617428199203,-0.2073752776069493,-0.1702996601787501
KLAC,2025,ranknet,bio_it,Information Technology,142333530460.28687,0.4454852747956352,1.0671769170151046,1.055668683083114,2025,2025-12-31,1.3758985404094095,0.4157511274474827,-0.9601474129619267
LRCX,2025,ranknet,bio_it,Information Technology,169466644175.26245,0.3341176465316774,1.0892972202079096,1.1550495107859935,2025,2025-12-31,0.985666822803374,0.2583807685298022,-0.7272860542735718
MCHP,2025,ranknet,bio_it,Information Technology,37957540496.524826,-4.696075854403771e-05,0.9565644670392924,0.8740127164734774,2025,2025-12-31,-0.1009235021210837,-0.46124813512489843,-0.36032463300381473
MPWR,2025,ranknet,bio_it,Information Technology,53703164100.83008,0.1324075973873664,1.260935257396901,1.3131676960843404,2025,2025-12-31,1.0651524763844948,-0.037734666911995285,-1.1028871432964902
MRNA,2025,ranknet,bio_it,Health Care,20062922437.88513,-0.1439175842451636,-1.0868559460072482,0.6736763711550333,2025,2025-12-31,-0.9153054325224291,-0.7804914564371814,0.1348139760852477
MSFT,2025,ranknet,bio_it,Information Technology,3850008616739.944,0.2278143492583509,1.0699509462739882,1.1340336816260874,2025,2025-12-31,0.7811861177359081,0.058675358760696884,-0.7225107589752112
MSI,2025,ranknet,bio_it,Information Technology,71890998242.86035,0.3297473843707567,1.085241386289682,1.1058543103759615,2025,2025-12-31,1.0263001485537746,0.22935823155281415,-0.7969419170009604
MU,2025,ranknet,bio_it,Information Technology,265440763161.10767,0.1314101807204452,1.0902296451860467,1.1620825010127538,2025,2025-12-31,0.035220187770478306,-0.1025805367668832,-0.1378007245373615
NOW,2025,ranknet,bio_it,Information Technology,109359303192.13866,0.0768293929658354,1.8562909081925276,1.2552726205327658,2025,2025-12-31,0.197902640600095,-0.16994952275117872,-0.3678521633512737
NTAP,2025,ranknet,bio_it,Information Technology,20864127898.737896,0.2116387301672815,1.073026663716503,1.0197592550533727,2025,2025-12-31,-0.057525457399223434,-0.01971341157847223,0.037812045820751206
NVDA,2025,ranknet,bio_it,Information Technology,2657647955322.266,0.6816325758031571,1.088975128093962,1.591738778488445,2025,2025-12-31,1.8410221071361241,1.07080235119847,-0.7702197559376542
NXPI,2025,ranknet,bio_it,Information Technology,49745113620.93147,0.1134744522642685,1.0795114460925337,0.9964298138010582,2025,2025-12-31,-0.34495366763056023,-0.20612526308729584,0.1388284045432644
ON,2025,ranknet,bio_it,Information Technology,24397750496.12686,0.0124387829312179,0.6886918758992161,0.9741550989098526,2025,2025-12-31,-0.45257627465075156,-0.39227405391266645,0.06030222073808511
ORCL,2025,ranknet,bio_it,Information Technology,635161420005.0049,0.2317278940604978,1.1253140383244336,1.098830618303404,2025,2025-12-31,1.0984335776961887,0.049822046355444925,-1.0486115313407438
PANW,2025,ranknet,bio_it,Information Technology,147318539674.37747,0.0762169659352413,1.7045565663885651,1.1621890547263682,2025,2025-12-31,0.9206670581838079,-0.20931556592926695,-1.1299826241130748
PLTR,2025,ranknet,bio_it,Information Technology,349783562841.06445,0.1681744898716345,1.1306916098734194,1.247548198667913,2025,2025-12-31,2.2169373279208955,-0.0001963087923381665,-2.2171336367132337
PTC,2025,ranknet,bio_it,Information Technology,20824367362.54883,0.133640847782456,1.1182637879595034,1.087645206515982,2025,2025-12-31,-0.03932108305946036,-0.13104232127850593,-0.09172123821904557
QCOM,2025,ranknet,bio_it,Information Technology,183194553268.43265,0.1135007894740021,1.10421734904905,1.034557862639756,2025,2025-12-31,-0.04966766725668781,-0.1899358011013304,-0.1402681338446426
REGN,2025,ranknet,bio_it,Health Care,80818145532.22656,0.095023259898778,1.5549021216213372,1.1843819214685896,2025,2025-12-31,-0.4048163168064235,-0.16410156863266384,0.24071474817375965
ROP,2025,ranknet,bio_it,Information Technology,36421928950.17273,0.0630059979860621,1.2255800916410848,1.204710545874969,2025,2025-12-31,-0.970827153951745,-0.20870659906069777,0.7621205548910472
SMCI,2025,ranknet,bio_it,Information Technology,28489461569.409805,0.1355469336540965,1.291278791003749,1.6665760883116925,2025,2025-12-31,-0.06869712669770234,0.12000591960430904,0.18870304630201137
SNPS,2025,ranknet,bio_it,Information Technology,88985923040.54907,0.0379296285632557,1.911842338393297,1.230475155876113,2025,2025-12-31,-0.44248716226140716,-0.2511916851717676,0.19129547708963957
SWKS,2025,ranknet,bio_it,Information Technology,8290383558.365948,0.0597705852156538,1.4855857473197902,1.2606996781311932,2025,2025-12-31,-1.334212134669876,-0.19360739820962042,1.1406047364602556
TDY,2025,ranknet,bio_it,Information Technology,28015176660.310303,0.0751748402527927,1.1794651903936662,1.2887986434380636,2025,2025-12-31,-0.5161331505672987,-0.1499990058372654,0.3661341447300333
TEL,2025,ranknet,bio_it,Information Technology,66930993741.4302,0.1147086240326559,1.052377950807103,1.1266445896357289,2025,2025-12-31,0.05535422496486331,-0.14738729966562458,-0.2027415246304879
TER,2025,ranknet,bio_it,Information Technology,46412575599.24164,0.1184415015330824,1.1795005315161964,1.130321054292276,2025,2025-12-31,0.9226441966652379,-0.14068649874626968,-1.0633306954115076
TRMB,2025,ranknet,bio_it,Information Technology,15748127675.17041,0.0518100901850487,1.1255893462161046,0.9800076070936148,2025,2025-12-31,-0.7175229650157778,-0.32451185371411156,0.39301111130166627
TXN,2025,ranknet,bio_it,Information Technology,176191906710.43497,0.2122176057610183,1.0581097713292504,1.076267905536198,2025,2025-12-31,0.6396968873984363,0.005893790349866659,-0.6338030970485696
TYL,2025,ranknet,bio_it,Information Technology,14717320919.089355,0.081727327081705,0.9672186237009271,0.9663058006315428,2025,2025-12-31,-0.03416748566428729,-0.2747252292081276,-0.2405577435438403
VRSN,2025,ranknet,bio_it,Information Technology,22774612055.96924,-0.4831954610551944,1.0363996051545874,1.1163341765666528,2025,2025-12-31,-5.977266097723321,-1.2252404898987777,4.752025607824543
VRTX,2025,ranknet,bio_it,Health Care,113436429373.3023,0.1334961913070912,1.2943052498750882,1.1713072079245048,2025,2025-12-31,0.4048163168064234,-0.09740445536171911,-0.5022207721681425
WDAY,2025,ranknet,bio_it,Information Technology,64987965000.0,0.0302660453659496,3.1639282329135665,1.1315865805958092,2025,2025-12-31,-0.05316855639483076,-0.32326275322203635,-0.2700941968272056
WDC,2025,ranknet,bio_it,Information Technology,41651469600.58216,0.1674040659418379,0.4841252092805591,0.5226915652915564,2025,2025-12-31,-0.06615168017778839,-0.30625039301861673,-0.24009871284082834
ZBRA,2025,ranknet,bio_it,Information Technology,10285001562.3927,0.0724517574500124,1.1375217079929296,1.098517022906078,2025,2025-12-31,-0.7963592307510536,-0.23646405836684253,0.5598951723842112
