MonthEnd,monthly_return,portfolio_value,n_start_positions,n_active_positions,n_carried_missing,n_terminal_zero,FiscalYear,RebalanceDate,Strategy,MKT_RF,SMB,HML,RMW,CMA,RF,excess_return
2017-04-30,0.022205071148775568,1.0222050711487751,14,14,0,0,2016,2017-03-31,gap_top_5pct,0.0108,0.0040999999999999995,-0.020499999999999997,0.0179,-0.016,0.0005,0.021705071148775568
2017-05-31,0.023132259645745945,1.0458509842657868,14,14,0,0,2016,2017-03-31,gap_top_5pct,0.010700000000000001,-0.029900000000000003,-0.0382,0.009899999999999999,-0.0166,0.0006,0.022532259645745945
2017-06-30,-0.020178855196197665,1.0247469086974867,14,14,0,0,2016,2017-03-31,gap_top_5pct,0.0078000000000000005,0.0252,0.015,-0.0226,0.0004,0.0006,-0.020778855196197665
2017-07-31,0.024775150773114207,1.0501351678647497,14,14,0,0,2016,2017-03-31,gap_top_5pct,0.018799999999999997,-0.016399999999999998,-0.0023,-0.0075,-0.0015,0.0007000000000000001,0.024075150773114208
2017-08-31,-0.011300065512283797,1.0382685716711249,14,14,0,0,2016,2017-03-31,gap_top_5pct,0.0018,-0.0183,-0.0213,0.002,-0.023799999999999998,0.0009,-0.012200065512283797
2017-09-30,0.026135920682227365,1.065404676707171,14,14,0,0,2016,2017-03-31,gap_top_5pct,0.024900000000000002,0.047599999999999996,0.0315,-0.0154,0.0163,0.0009,0.025235920682227363
2017-10-31,0.02673539072379061,1.093888687017891,14,14,0,0,2016,2017-03-31,gap_top_5pct,0.0225,-0.0191,0.0013,0.0092,-0.031400000000000004,0.0009,0.025835390723790607
2017-11-30,0.03781249352313143,1.1352513459107818,14,14,0,0,2016,2017-03-31,gap_top_5pct,0.031200000000000002,-0.0038,-0.0009,0.0319,-0.001,0.0008,0.03701249352313143
2017-12-31,-0.01401019272965176,1.1193462557579752,14,14,0,0,2016,2017-03-31,gap_top_5pct,0.0106,-0.0105,0.0005,0.0073,0.0179,0.0009,-0.01491019272965176
2018-01-31,0.07637722703545369,1.204838818865287,14,14,0,0,2016,2017-03-31,gap_top_5pct,0.0558,-0.0321,-0.0132,-0.0075,-0.0105,0.0011,0.07527722703545368
2018-02-28,-0.038678290826073214,1.1582377126306729,14,14,0,0,2016,2017-03-31,gap_top_5pct,-0.0364,0.0034000000000000002,-0.011000000000000001,0.0053,-0.0236,0.0011,-0.03977829082607321
2018-03-31,0.014794933914260122,1.1753737630460475,14,14,0,0,2016,2017-03-31,gap_top_5pct,-0.0235,0.0361,-0.0021,-0.0040999999999999995,0.0008,0.0012,0.013594933914260122
2017-04-30,0.005085295280386148,1.0050852952803857,28,28,0,0,2016,2017-03-31,gap_top_10pct,0.0108,0.0040999999999999995,-0.020499999999999997,0.0179,-0.016,0.0005,0.004585295280386148
2017-05-31,0.02196411045551261,1.0271610997231355,28,28,0,0,2016,2017-03-31,gap_top_10pct,0.010700000000000001,-0.029900000000000003,-0.0382,0.009899999999999999,-0.0166,0.0006,0.02136411045551261
2017-06-30,0.0006681210739223342,1.0278473677001738,28,28,0,0,2016,2017-03-31,gap_top_10pct,0.0078000000000000005,0.0252,0.015,-0.0226,0.0004,0.0006,6.812107392233427e-05
2017-07-31,0.03699981144874687,1.065877526503171,28,28,0,0,2016,2017-03-31,gap_top_10pct,0.018799999999999997,-0.016399999999999998,-0.0023,-0.0075,-0.0015,0.0007000000000000001,0.03629981144874687
2017-08-31,-0.007311394489099232,1.058084475429841,28,28,0,0,2016,2017-03-31,gap_top_10pct,0.0018,-0.0183,-0.0213,0.002,-0.023799999999999998,0.0009,-0.008211394489099232
2017-09-30,0.02575490459772123,1.0853353401508665,28,28,0,0,2016,2017-03-31,gap_top_10pct,0.024900000000000002,0.047599999999999996,0.0315,-0.0154,0.0163,0.0009,0.024854904597721227
2017-10-31,0.028637784664084398,1.1164169399104278,28,28,0,0,2016,2017-03-31,gap_top_10pct,0.0225,-0.0191,0.0013,0.0092,-0.031400000000000004,0.0009,0.027737784664084397
2017-11-30,0.060905210400330256,1.1844125485301653,28,28,0,0,2016,2017-03-31,gap_top_10pct,0.031200000000000002,-0.0038,-0.0009,0.0319,-0.001,0.0008,0.060105210400330254
2017-12-31,0.002318039163490937,1.1871580632033885,28,28,0,0,2016,2017-03-31,gap_top_10pct,0.0106,-0.0105,0.0005,0.0073,0.0179,0.0009,0.001418039163490937
2018-01-31,0.0558635461391368,1.2534769224415991,28,28,0,0,2016,2017-03-31,gap_top_10pct,0.0558,-0.0321,-0.0132,-0.0075,-0.0105,0.0011,0.0547635461391368
2018-02-28,-0.03830476435176844,1.2054627843070937,28,28,0,0,2016,2017-03-31,gap_top_10pct,-0.0364,0.0034000000000000002,-0.011000000000000001,0.0053,-0.0236,0.0011,-0.039404764351768436
2018-03-31,0.009063377373472514,1.216388348430946,28,28,0,0,2016,2017-03-31,gap_top_10pct,-0.0235,0.0361,-0.0021,-0.0040999999999999995,0.0008,0.0012,0.007863377373472515
2017-04-30,0.01011534606389608,1.0101153460638972,56,56,0,0,2016,2017-03-31,gap_top_20pct,0.0108,0.0040999999999999995,-0.020499999999999997,0.0179,-0.016,0.0005,0.00961534606389608
2017-05-31,0.006835766055760084,1.0170202582589232,56,56,0,0,2016,2017-03-31,gap_top_20pct,0.010700000000000001,-0.029900000000000003,-0.0382,0.009899999999999999,-0.0166,0.0006,0.006235766055760084
2017-06-30,0.006100808640666422,1.023224904238242,56,56,0,0,2016,2017-03-31,gap_top_20pct,0.0078000000000000005,0.0252,0.015,-0.0226,0.0004,0.0006,0.005500808640666422
2017-07-31,0.02078378313603868,1.0444913887473235,56,56,0,0,2016,2017-03-31,gap_top_20pct,0.018799999999999997,-0.016399999999999998,-0.0023,-0.0075,-0.0015,0.0007000000000000001,0.02008378313603868
2017-08-31,-0.01302087904942173,1.030891192706282,56,56,0,0,2016,2017-03-31,gap_top_20pct,0.0018,-0.0183,-0.0213,0.002,-0.023799999999999998,0.0009,-0.01392087904942173
2017-09-30,0.025029064040628324,1.0566934343874472,56,56,0,0,2016,2017-03-31,gap_top_20pct,0.024900000000000002,0.047599999999999996,0.0315,-0.0154,0.0163,0.0009,0.024129064040628322
2017-10-31,0.020213740107023925,1.0780531608429536,56,56,0,0,2016,2017-03-31,gap_top_20pct,0.0225,-0.0191,0.0013,0.0092,-0.031400000000000004,0.0009,0.019313740107023924
2017-11-30,0.04423569175683473,1.1257415881634838,56,56,0,0,2016,2017-03-31,gap_top_20pct,0.031200000000000002,-0.0038,-0.0009,0.0319,-0.001,0.0008,0.043435691756834725
2017-12-31,0.005542776957617512,1.1319813226985882,56,56,0,0,2016,2017-03-31,gap_top_20pct,0.0106,-0.0105,0.0005,0.0073,0.0179,0.0009,0.0046427769576175126
2018-01-31,0.05642663981128315,1.1958552250676013,56,56,0,0,2016,2017-03-31,gap_top_20pct,0.0558,-0.0321,-0.0132,-0.0075,-0.0105,0.0011,0.055326639811283156
2018-02-28,-0.04475628372979901,1.142333189314713,56,56,0,0,2016,2017-03-31,gap_top_20pct,-0.0364,0.0034000000000000002,-0.011000000000000001,0.0053,-0.0236,0.0011,-0.045856283729799004
2018-03-31,-0.00039272476417473445,1.1418845667823305,56,56,0,0,2016,2017-03-31,gap_top_20pct,-0.0235,0.0361,-0.0021,-0.0040999999999999995,0.0008,0.0012,-0.0015927247641747343
2017-04-30,0.0101493581995582,1.0101493581995566,84,84,0,0,2016,2017-03-31,gap_top_30pct,0.0108,0.0040999999999999995,-0.020499999999999997,0.0179,-0.016,0.0005,0.0096493581995582
2017-05-31,0.004888873356521772,1.0150878504829661,84,84,0,0,2016,2017-03-31,gap_top_30pct,0.010700000000000001,-0.029900000000000003,-0.0382,0.009899999999999999,-0.0166,0.0006,0.0042888733565217725
2017-06-30,0.006085169670026147,1.021264832283137,84,84,0,0,2016,2017-03-31,gap_top_30pct,0.0078000000000000005,0.0252,0.015,-0.0226,0.0004,0.0006,0.005485169670026147
2017-07-31,0.018264872359291306,1.0399181040898215,84,84,0,0,2016,2017-03-31,gap_top_30pct,0.018799999999999997,-0.016399999999999998,-0.0023,-0.0075,-0.0015,0.0007000000000000001,0.017564872359291307
2017-08-31,-0.011092024575590886,1.0283833069226553,84,84,0,0,2016,2017-03-31,gap_top_30pct,0.0018,-0.0183,-0.0213,0.002,-0.023799999999999998,0.0009,-0.011992024575590886
2017-09-30,0.029586039993519497,1.0588090965699368,84,84,0,0,2016,2017-03-31,gap_top_30pct,0.024900000000000002,0.047599999999999996,0.0315,-0.0154,0.0163,0.0009,0.028686039993519496
2017-10-31,0.020920801027148217,1.080960231005011,84,84,0,0,2016,2017-03-31,gap_top_30pct,0.0225,-0.0191,0.0013,0.0092,-0.031400000000000004,0.0009,0.020020801027148215
2017-11-30,0.03886684764735726,1.1229737476163348,84,84,0,0,2016,2017-03-31,gap_top_30pct,0.031200000000000002,-0.0038,-0.0009,0.0319,-0.001,0.0008,0.03806684764735726
2017-12-31,0.011672031095513624,1.1360811321179582,84,84,0,0,2016,2017-03-31,gap_top_30pct,0.0106,-0.0105,0.0005,0.0073,0.0179,0.0009,0.010772031095513624
2018-01-31,0.05639521141461468,1.2001506677479052,84,84,0,0,2016,2017-03-31,gap_top_30pct,0.0558,-0.0321,-0.0132,-0.0075,-0.0105,0.0011,0.05529521141461468
2018-02-28,-0.044877438577908824,1.1462909798718124,84,84,0,0,2016,2017-03-31,gap_top_30pct,-0.0364,0.0034000000000000002,-0.011000000000000001,0.0053,-0.0236,0.0011,-0.04597743857790882
2018-03-31,-0.005395711408547554,1.140105924554203,84,84,0,0,2016,2017-03-31,gap_top_30pct,-0.0235,0.0361,-0.0021,-0.0040999999999999995,0.0008,0.0012,-0.006595711408547554
2018-04-30,0.0031390335302492467,1.0031390335302488,14,14,0,0,2017,2018-03-31,gap_top_5pct,0.0029,0.0089,0.0053,-0.0242,0.0124,0.0014000000000000002,0.0017390335302492465
2018-05-31,0.03039972748686437,1.0336341867810048,14,14,0,0,2017,2018-03-31,gap_top_5pct,0.0263,0.0471,-0.031400000000000004,-0.019799999999999998,-0.0149,0.0014000000000000002,0.02899972748686437
2018-06-30,-0.0007388557268986906,1.0328704802425834,14,14,0,0,2017,2018-03-31,gap_top_5pct,0.0049,0.0077,-0.0233,0.0083,0.002,0.0014000000000000002,-0.002138855726898691
2018-07-31,0.06295598893411092,1.0978958627671054,14,14,0,0,2017,2018-03-31,gap_top_5pct,0.032,-0.019299999999999998,0.0049,0.015300000000000001,0.0031,0.0016,0.06135598893411092
2018-08-31,0.031030464534611557,1.1319640813993967,14,14,0,0,2017,2018-03-31,gap_top_5pct,0.0346,0.006500000000000001,-0.0391,-0.0029,-0.025699999999999997,0.0016,0.029430464534611556
2018-09-30,0.004972786950169672,1.1375930976114406,14,14,0,0,2017,2018-03-31,gap_top_5pct,0.0006,-0.024900000000000002,-0.016200000000000003,0.006500000000000001,0.013600000000000001,0.0015,0.003472786950169672
2018-10-31,-0.05789689194007408,1.0717299929672568,14,14,0,0,2017,2018-03-31,gap_top_5pct,-0.0764,-0.0438,0.0338,0.0103,0.036000000000000004,0.0019,-0.05979689194007408
2018-11-30,0.02733838719583348,1.1010293624843837,14,14,0,0,2017,2018-03-31,gap_top_5pct,0.0171,-0.008100000000000001,0.0036,-0.0060999999999999995,0.004,0.0018,0.02553838719583348
2018-12-31,-0.07869723914816884,1.0143813914357942,14,14,0,0,2017,2018-03-31,gap_top_5pct,-0.0955,-0.0281,-0.0192,-0.0003,0.0024,0.0019,-0.08059723914816884
2019-01-31,0.10525674876200641,1.1211518787030061,14,14,0,0,2017,2018-03-31,gap_top_5pct,0.0836,0.0291,-0.0039000000000000003,-0.0073,-0.0165,0.0021,0.10315674876200641
2019-02-28,0.04529820976722698,1.1719380516854154,14,14,0,0,2017,2018-03-31,gap_top_5pct,0.0342,0.0172,-0.026600000000000002,0.0016,-0.0154,0.0018,0.04349820976722698
2019-03-31,0.04928369660542242,1.2296954910650293,14,14,0,0,2017,2018-03-31,gap_top_5pct,0.011000000000000001,-0.0352,-0.0414,0.0088,-0.009000000000000001,0.0019,0.04738369660542242
2018-04-30,0.00341595861220112,1.0034159586122007,29,29,0,0,2017,2018-03-31,gap_top_10pct,0.0029,0.0089,0.0053,-0.0242,0.0124,0.0014000000000000002,0.0020159586122011196
2018-05-31,0.028943042745334102,1.032457869593664,29,29,0,0,2017,2018-03-31,gap_top_10pct,0.0263,0.0471,-0.031400000000000004,-0.019799999999999998,-0.0149,0.0014000000000000002,0.027543042745334104
2018-06-30,0.009590970225119344,1.042360142279627,29,29,0,0,2017,2018-03-31,gap_top_10pct,0.0049,0.0077,-0.0233,0.0083,0.002,0.0014000000000000002,0.008190970225119344
2018-07-31,0.042172976235256954,1.0863195717885648,29,29,0,0,2017,2018-03-31,gap_top_10pct,0.032,-0.019299999999999998,0.0049,0.015300000000000001,0.0031,0.0016,0.040572976235256956
2018-08-31,0.03568942932622199,1.1250896973716045,29,29,0,0,2017,2018-03-31,gap_top_10pct,0.0346,0.006500000000000001,-0.0391,-0.0029,-0.025699999999999997,0.0016,0.03408942932622199
2018-09-30,-0.0068441637932102894,1.1173893992007398,29,29,0,0,2017,2018-03-31,gap_top_10pct,0.0006,-0.024900000000000002,-0.016200000000000003,0.006500000000000001,0.013600000000000001,0.0015,-0.008344163793210289
2018-10-31,-0.05736214408299012,1.0532935474869811,29,29,0,0,2017,2018-03-31,gap_top_10pct,-0.0764,-0.0438,0.0338,0.0103,0.036000000000000004,0.0019,-0.05926214408299012
2018-11-30,0.025968754848183284,1.0806462694048438,29,29,0,0,2017,2018-03-31,gap_top_10pct,0.0171,-0.008100000000000001,0.0036,-0.0060999999999999995,0.004,0.0018,0.024168754848183285
2018-12-31,-0.10494889476369507,0.9672336378002951,29,29,0,0,2017,2018-03-31,gap_top_10pct,-0.0955,-0.0281,-0.0192,-0.0003,0.0024,0.0019,-0.10684889476369507
2019-01-31,0.1050841559910467,1.068874568274689,29,29,0,0,2017,2018-03-31,gap_top_10pct,0.0836,0.0291,-0.0039000000000000003,-0.0073,-0.0165,0.0021,0.1029841559910467
2019-02-28,0.015395550801215796,1.0853304809906896,29,29,0,0,2017,2018-03-31,gap_top_10pct,0.0342,0.0172,-0.026600000000000002,0.0016,-0.0154,0.0018,0.013595550801215796
2019-03-31,0.02928372552886893,1.1171130009041363,29,29,0,0,2017,2018-03-31,gap_top_10pct,0.011000000000000001,-0.0352,-0.0414,0.0088,-0.009000000000000001,0.0019,0.027383725528868932
2018-04-30,-0.003292442980893484,0.9967075570191072,58,58,0,0,2017,2018-03-31,gap_top_20pct,0.0029,0.0089,0.0053,-0.0242,0.0124,0.0014000000000000002,-0.004692442980893484
2018-05-31,0.011666888656023167,1.008336033109466,58,58,0,0,2017,2018-03-31,gap_top_20pct,0.0263,0.0471,-0.031400000000000004,-0.019799999999999998,-0.0149,0.0014000000000000002,0.010266888656023166
2018-06-30,0.017299737438482676,1.0257799817320208,58,58,0,0,2017,2018-03-31,gap_top_20pct,0.0049,0.0077,-0.0233,0.0083,0.002,0.0014000000000000002,0.015899737438482678
2018-07-31,0.04786700300213753,1.07488099519712,58,58,0,0,2017,2018-03-31,gap_top_20pct,0.032,-0.019299999999999998,0.0049,0.015300000000000001,0.0031,0.0016,0.046267003002137534
2018-08-31,0.02048411164082209,1.0968989775033358,58,58,0,0,2017,2018-03-31,gap_top_20pct,0.0346,0.006500000000000001,-0.0391,-0.0029,-0.025699999999999997,0.0016,0.01888411164082209
2018-09-30,-0.002161018596575248,1.0945285584143867,58,58,0,0,2017,2018-03-31,gap_top_20pct,0.0006,-0.024900000000000002,-0.016200000000000003,0.006500000000000001,0.013600000000000001,0.0015,-0.0036610185965752482
2018-10-31,-0.06572065758025336,1.0225954218150264,58,58,0,0,2017,2018-03-31,gap_top_20pct,-0.0764,-0.0438,0.0338,0.0103,0.036000000000000004,0.0019,-0.06762065758025336
2018-11-30,0.028445426112694516,1.0516835843294454,58,58,0,0,2017,2018-03-31,gap_top_20pct,0.0171,-0.008100000000000001,0.0036,-0.0060999999999999995,0.004,0.0018,0.026645426112694517
2018-12-31,-0.11433174268184998,0.9314427673831656,58,58,0,0,2017,2018-03-31,gap_top_20pct,-0.0955,-0.0281,-0.0192,-0.0003,0.0024,0.0019,-0.11623174268184998
2019-01-31,0.08886662254247235,1.0142169402121213,58,58,0,0,2017,2018-03-31,gap_top_20pct,0.0836,0.0291,-0.0039000000000000003,-0.0073,-0.0165,0.0021,0.08676662254247235
2019-02-28,0.02521498114393861,1.039790401235433,58,58,0,0,2017,2018-03-31,gap_top_20pct,0.0342,0.0172,-0.026600000000000002,0.0016,-0.0154,0.0018,0.02341498114393861
2019-03-31,0.02000626532608507,1.0605927238860655,58,58,0,0,2017,2018-03-31,gap_top_20pct,0.011000000000000001,-0.0352,-0.0414,0.0088,-0.009000000000000001,0.0019,0.018106265326085072
2018-04-30,0.0036450976772368637,1.0036450976772362,88,88,0,0,2017,2018-03-31,gap_top_30pct,0.0029,0.0089,0.0053,-0.0242,0.0124,0.0014000000000000002,0.0022450976772368635
2018-05-31,0.010491607071951403,1.014174947681756,88,88,0,0,2017,2018-03-31,gap_top_30pct,0.0263,0.0471,-0.031400000000000004,-0.019799999999999998,-0.0149,0.0014000000000000002,0.009091607071951403
2018-06-30,0.012739214909473162,1.0270947402960777,88,88,0,0,2017,2018-03-31,gap_top_30pct,0.0049,0.0077,-0.0233,0.0083,0.002,0.0014000000000000002,0.011339214909473162
2018-07-31,0.0444071844499454,1.0727051258759743,88,88,0,0,2017,2018-03-31,gap_top_30pct,0.032,-0.019299999999999998,0.0049,0.015300000000000001,0.0031,0.0016,0.042807184449945405
2018-08-31,0.015978944776220194,1.0898458218435148,88,88,0,0,2017,2018-03-31,gap_top_30pct,0.0346,0.006500000000000001,-0.0391,-0.0029,-0.025699999999999997,0.0016,0.014378944776220193
2018-09-30,0.0007937401120932108,1.090710876188309,88,88,0,0,2017,2018-03-31,gap_top_30pct,0.0006,-0.024900000000000002,-0.016200000000000003,0.006500000000000001,0.013600000000000001,0.0015,-0.0007062598879067892
2018-10-31,-0.07091043760947524,1.0133680906523819,88,88,0,0,2017,2018-03-31,gap_top_30pct,-0.0764,-0.0438,0.0338,0.0103,0.036000000000000004,0.0019,-0.07281043760947524
2018-11-30,0.005645937105179133,1.0190895031566007,88,87,0,1,2017,2018-03-31,gap_top_30pct,0.0171,-0.008100000000000001,0.0036,-0.0060999999999999995,0.004,0.0018,0.003845937105179133
2018-12-31,-0.11298720689917796,0.9039454266146654,88,87,0,0,2017,2018-03-31,gap_top_30pct,-0.0955,-0.0281,-0.0192,-0.0003,0.0024,0.0019,-0.11488720689917796
2019-01-31,0.09536108637178775,0.9901466445174489,88,87,0,0,2017,2018-03-31,gap_top_30pct,0.0836,0.0291,-0.0039000000000000003,-0.0073,-0.0165,0.0021,0.09326108637178775
2019-02-28,0.02491262481045098,1.014813796379639,88,87,0,0,2017,2018-03-31,gap_top_30pct,0.0342,0.0172,-0.026600000000000002,0.0016,-0.0154,0.0018,0.02311262481045098
2019-03-31,0.012441533280422634,1.0274396360007283,88,87,0,0,2017,2018-03-31,gap_top_30pct,0.011000000000000001,-0.0352,-0.0414,0.0088,-0.009000000000000001,0.0019,0.010541533280422634
2019-04-30,0.025120131215812025,1.0251201312158118,15,15,0,0,2018,2019-03-31,gap_top_5pct,0.0397,-0.0115,0.0213,0.0161,-0.0218,0.0021,0.023020131215812024
2019-05-31,-0.09679317102643248,0.9258955030324009,15,15,0,0,2018,2019-03-31,gap_top_5pct,-0.0692,-0.015600000000000001,-0.0245,-0.0048,0.0176,0.0021,-0.09889317102643248
2019-06-30,0.07117593595895677,0.9917969820609212,15,15,0,0,2018,2019-03-31,gap_top_5pct,0.0699,0.0019,-0.0064,0.0045000000000000005,-0.0055000000000000005,0.0018,0.06937593595895677
2019-07-31,0.04675412639444887,1.0381675835178303,15,15,0,0,2018,2019-03-31,gap_top_5pct,0.012199999999999999,-0.0182,0.005,-0.0013,0.0037,0.0019,0.04485412639444887
2019-08-31,-0.01700223341915552,1.0205164159346596,15,15,0,0,2018,2019-03-31,gap_top_5pct,-0.0255,-0.0325,-0.04769999999999999,0.0053,-0.0062,0.0016,-0.018602233419155522
2019-09-30,0.012526431514366276,1.0332998449281516,15,15,0,0,2018,2019-03-31,gap_top_5pct,0.014199999999999999,0.0029,0.0676,0.0182,0.0338,0.0018,0.010726431514366277
2019-10-31,0.04208495363233311,1.07678622099025,15,15,0,0,2018,2019-03-31,gap_top_5pct,0.0207,0.0025,-0.0192,0.0043,-0.0103,0.0015,0.04058495363233311
2019-11-30,0.00018947126736024167,1.076990241040217,15,15,0,0,2018,2019-03-31,gap_top_5pct,0.0387,0.0039000000000000003,-0.02,-0.016399999999999998,-0.011399999999999999,0.0012,-0.0010105287326397582
2019-12-31,0.03883913359900504,1.1188196088968025,15,15,0,0,2018,2019-03-31,gap_top_5pct,0.0276,0.009899999999999999,0.0173,0.0005,0.011899999999999999,0.0014000000000000002,0.03743913359900504
2020-01-31,0.019226047577533434,1.1403300879281297,15,15,0,0,2018,2019-03-31,gap_top_5pct,-0.0009,-0.0437,-0.0622,-0.011899999999999999,-0.0219,0.0013,0.017926047577533435
2020-02-29,-0.05509883902640855,1.0774992239764074,15,15,0,0,2018,2019-03-31,gap_top_5pct,-0.0815,0.0008,-0.0382,-0.0143,-0.0253,0.0012,-0.05629883902640855
2020-03-31,-0.13642168359228357,0.9305049657721669,15,15,0,0,2018,2019-03-31,gap_top_5pct,-0.1335,-0.0818,-0.1383,-0.0161,0.011899999999999999,0.0012,-0.13762168359228358
2019-04-30,0.031990962537238765,1.0319909625372385,30,30,0,0,2018,2019-03-31,gap_top_10pct,0.0397,-0.0115,0.0213,0.0161,-0.0218,0.0021,0.029890962537238764
2019-05-31,-0.0861513528052007,0.9430835450319143,30,30,0,0,2018,2019-03-31,gap_top_10pct,-0.0692,-0.015600000000000001,-0.0245,-0.0048,0.0176,0.0021,-0.0882513528052007
2019-06-30,0.079920806437344,1.018455542488654,30,30,0,0,2018,2019-03-31,gap_top_10pct,0.0699,0.0019,-0.0064,0.0045000000000000005,-0.0055000000000000005,0.0018,0.07812080643734401
2019-07-31,0.03600551571533894,1.0551255595291034,30,30,0,0,2018,2019-03-31,gap_top_10pct,0.012199999999999999,-0.0182,0.005,-0.0013,0.0037,0.0019,0.034105515715338944
2019-08-31,-0.02022348143622754,1.0337872473630774,30,30,0,0,2018,2019-03-31,gap_top_10pct,-0.0255,-0.0325,-0.04769999999999999,0.0053,-0.0062,0.0016,-0.021823481436227542
2019-09-30,0.016741409378354,1.0510943028813045,30,30,0,0,2018,2019-03-31,gap_top_10pct,0.014199999999999999,0.0029,0.0676,0.0182,0.0338,0.0018,0.014941409378354
2019-10-31,0.02622324407622556,1.078657405332891,30,30,0,0,2018,2019-03-31,gap_top_10pct,0.0207,0.0025,-0.0192,0.0043,-0.0103,0.0015,0.02472324407622556
2019-11-30,0.0015141967251417476,1.080290704843596,30,30,0,0,2018,2019-03-31,gap_top_10pct,0.0387,0.0039000000000000003,-0.02,-0.016399999999999998,-0.011399999999999999,0.0012,0.00031419672514174774
2019-12-31,0.03957192931500364,1.1230398922553222,30,30,0,0,2018,2019-03-31,gap_top_10pct,0.0276,0.009899999999999999,0.0173,0.0005,0.011899999999999999,0.0014000000000000002,0.03817192931500364
2020-01-31,0.007783244633640107,1.1317807864700822,30,30,0,0,2018,2019-03-31,gap_top_10pct,-0.0009,-0.0437,-0.0622,-0.011899999999999999,-0.0219,0.0013,0.006483244633640107
2020-02-29,-0.06998230342451839,1.0525761600612928,30,30,0,0,2018,2019-03-31,gap_top_10pct,-0.0815,0.0008,-0.0382,-0.0143,-0.0253,0.0012,-0.0711823034245184
2020-03-31,-0.1673220692881373,0.8764569388764757,30,30,0,0,2018,2019-03-31,gap_top_10pct,-0.1335,-0.0818,-0.1383,-0.0161,0.011899999999999999,0.0012,-0.16852206928813732
2019-04-30,0.044026571140672655,1.0440265711406733,61,61,0,0,2018,2019-03-31,gap_top_20pct,0.0397,-0.0115,0.0213,0.0161,-0.0218,0.0021,0.04192657114067266
2019-05-31,-0.09122585270421102,0.9487843569425117,61,61,0,0,2018,2019-03-31,gap_top_20pct,-0.0692,-0.015600000000000001,-0.0245,-0.0048,0.0176,0.0021,-0.09332585270421102
2019-06-30,0.07352108386331668,1.0185400112174852,61,61,0,0,2018,2019-03-31,gap_top_20pct,0.0699,0.0019,-0.0064,0.0045000000000000005,-0.0055000000000000005,0.0018,0.07172108386331669
2019-07-31,0.011780360493733877,1.030538779726919,61,61,0,0,2018,2019-03-31,gap_top_20pct,0.012199999999999999,-0.0182,0.005,-0.0013,0.0037,0.0019,0.009880360493733876
2019-08-31,-0.035261702806345,0.994200227545775,61,61,0,0,2018,2019-03-31,gap_top_20pct,-0.0255,-0.0325,-0.04769999999999999,0.0053,-0.0062,0.0016,-0.036861702806344994
2019-09-30,0.03277706323025065,1.0267871912675723,61,61,0,0,2018,2019-03-31,gap_top_20pct,0.014199999999999999,0.0029,0.0676,0.0182,0.0338,0.0018,0.030977063230250648
2019-10-31,0.026093445435927842,1.0535796068172223,61,61,0,0,2018,2019-03-31,gap_top_20pct,0.0207,0.0025,-0.0192,0.0043,-0.0103,0.0015,0.02459344543592784
2019-11-30,0.022487010563173815,1.0772714625648656,61,61,0,0,2018,2019-03-31,gap_top_20pct,0.0387,0.0039000000000000003,-0.02,-0.016399999999999998,-0.011399999999999999,0.0012,0.021287010563173815
2019-12-31,0.029727372503479232,1.1092959126198993,61,61,0,0,2018,2019-03-31,gap_top_20pct,0.0276,0.009899999999999999,0.0173,0.0005,0.011899999999999999,0.0014000000000000002,0.028327372503479234
2020-01-31,-0.006429215450718728,1.1021640101990644,61,61,0,0,2018,2019-03-31,gap_top_20pct,-0.0009,-0.0437,-0.0622,-0.011899999999999999,-0.0219,0.0013,-0.007729215450718728
2020-02-29,-0.09382565041127044,0.998752755082243,61,61,0,0,2018,2019-03-31,gap_top_20pct,-0.0815,0.0008,-0.0382,-0.0143,-0.0253,0.0012,-0.09502565041127045
2020-03-31,-0.18651353289837225,0.8124718502398712,61,61,0,0,2018,2019-03-31,gap_top_20pct,-0.1335,-0.0818,-0.1383,-0.0161,0.011899999999999999,0.0012,-0.18771353289837225
2019-04-30,0.037206325015342934,1.0372063250153447,92,92,0,0,2018,2019-03-31,gap_top_30pct,0.0397,-0.0115,0.0213,0.0161,-0.0218,0.0021,0.035106325015342936
2019-05-31,-0.08910589461180485,0.94478512752783,92,92,0,0,2018,2019-03-31,gap_top_30pct,-0.0692,-0.015600000000000001,-0.0245,-0.0048,0.0176,0.0021,-0.09120589461180485
2019-06-30,0.08437524988540002,1.0245016087510002,92,92,0,0,2018,2019-03-31,gap_top_30pct,0.0699,0.0019,-0.0064,0.0045000000000000005,-0.0055000000000000005,0.0018,0.08257524988540002
2019-07-31,0.008752542307165934,1.0334686024253528,92,92,0,0,2018,2019-03-31,gap_top_30pct,0.012199999999999999,-0.0182,0.005,-0.0013,0.0037,0.0019,0.006852542307165934
2019-08-31,-0.039132644830372265,0.9930262426633002,92,92,0,0,2018,2019-03-31,gap_top_30pct,-0.0255,-0.0325,-0.04769999999999999,0.0053,-0.0062,0.0016,-0.04073264483037226
2019-09-30,0.03700557583819153,1.0297737505954914,92,92,0,0,2018,2019-03-31,gap_top_30pct,0.014199999999999999,0.0029,0.0676,0.0182,0.0338,0.0018,0.035205575838191526
2019-10-31,0.0239085536329251,1.0543941515413822,92,92,0,0,2018,2019-03-31,gap_top_30pct,0.0207,0.0025,-0.0192,0.0043,-0.0103,0.0015,0.0224085536329251
2019-11-30,0.025862414697754632,1.0816633303434324,92,92,0,0,2018,2019-03-31,gap_top_30pct,0.0387,0.0039000000000000003,-0.02,-0.016399999999999998,-0.011399999999999999,0.0012,0.024662414697754632
2019-12-31,0.02703052265878525,1.1109012555034576,92,92,0,0,2018,2019-03-31,gap_top_30pct,0.0276,0.009899999999999999,0.0173,0.0005,0.011899999999999999,0.0014000000000000002,0.02563052265878525
2020-01-31,-0.025709332844166544,1.0823407253687167,92,92,0,0,2018,2019-03-31,gap_top_30pct,-0.0009,-0.0437,-0.0622,-0.011899999999999999,-0.0219,0.0013,-0.027009332844166543
2020-02-29,-0.08642885130571565,0.9887952597537035,92,92,0,0,2018,2019-03-31,gap_top_30pct,-0.0815,0.0008,-0.0382,-0.0143,-0.0253,0.0012,-0.08762885130571565
2020-03-31,-0.1962968054756783,0.7946979089945579,92,92,0,0,2018,2019-03-31,gap_top_30pct,-0.1335,-0.0818,-0.1383,-0.0161,0.011899999999999999,0.0012,-0.1974968054756783
2020-04-30,0.15164126801671962,1.1516412680167196,16,16,0,0,2019,2020-03-31,gap_top_5pct,0.1358,0.025699999999999997,-0.0134,0.0276,-0.0102,0.0,0.15164126801671962
2020-05-31,0.06921604380616664,1.2313533204727543,16,16,0,0,2019,2020-03-31,gap_top_5pct,0.0559,0.0192,-0.05,0.0096,-0.0316,0.0001,0.06911604380616664
2020-06-30,-0.014066726395943752,1.2140322102169272,16,16,0,0,2019,2020-03-31,gap_top_5pct,0.024399999999999998,0.0195,-0.0217,0.0014000000000000002,0.0055000000000000005,0.0001,-0.014166726395943751
2020-07-31,0.08465140288082385,1.3168017399542973,16,16,0,0,2019,2020-03-31,gap_top_5pct,0.0583,-0.0319,-0.0144,0.0038,0.0097,0.0001,0.08455140288082384
2020-08-31,0.06757414794658767,1.405783495546293,16,16,0,0,2019,2020-03-31,gap_top_5pct,0.0762,-0.0089,-0.0302,0.042699999999999995,-0.0151,0.0001,0.06747414794658767
2020-09-30,-0.045674202453566126,1.3415754555648296,16,16,0,0,2019,2020-03-31,gap_top_5pct,-0.0364,-0.0001,-0.027200000000000002,-0.0138,-0.019299999999999998,0.0001,-0.04577420245356613
2020-10-31,-0.007849918729465832,1.3310441972691995,16,16,0,0,2019,2020-03-31,gap_top_5pct,-0.0208,0.0467,0.0425,-0.0077,-0.005699999999999999,0.0001,-0.007949918729465832
2020-11-30,0.12720862962173007,1.50036450556977,16,16,0,0,2019,2020-03-31,gap_top_5pct,0.1244,0.0712,0.0209,-0.0225,0.0128,0.0001,0.12710862962173008
2020-12-31,0.049917760230486996,1.5752593412171352,16,16,0,0,2019,2020-03-31,gap_top_5pct,0.0463,0.0493,-0.0168,-0.0197,-0.0006,0.0001,0.04981776023048699
2021-01-31,-0.01624436511712435,1.5496702533242432,16,16,0,0,2019,2020-03-31,gap_top_5pct,-0.0007000000000000001,0.0681,0.0322,-0.0365,0.049699999999999994,0.0,-0.01624436511712435
2021-02-28,0.0438446603896383,1.6176150192971694,16,16,0,0,2019,2020-03-31,gap_top_5pct,0.0281,0.045,0.07200000000000001,0.0033,-0.0199,0.0,0.0438446603896383
2021-03-31,0.03214798460339319,1.6696180820317523,16,16,0,0,2019,2020-03-31,gap_top_5pct,0.0316,-0.0084,0.0735,0.0635,0.0352,0.0,0.03214798460339319
2020-04-30,0.14517201764014032,1.1451720176401403,32,32,0,0,2019,2020-03-31,gap_top_10pct,0.1358,0.025699999999999997,-0.0134,0.0276,-0.0102,0.0,0.14517201764014032
2020-05-31,0.04763357624832332,1.1997206562598481,32,32,0,0,2019,2020-03-31,gap_top_10pct,0.0559,0.0192,-0.05,0.0096,-0.0316,0.0001,0.047533576248323314
2020-06-30,0.010137499496995606,1.2118828238092176,32,32,0,0,2019,2020-03-31,gap_top_10pct,0.024399999999999998,0.0195,-0.0217,0.0014000000000000002,0.0055000000000000005,0.0001,0.010037499496995606
2020-07-31,0.050384967141995585,1.272943500066794,32,32,0,0,2019,2020-03-31,gap_top_10pct,0.0583,-0.0319,-0.0144,0.0038,0.0097,0.0001,0.05028496714199558
2020-08-31,0.04997771532316597,1.3365623079356066,32,32,0,0,2019,2020-03-31,gap_top_10pct,0.0762,-0.0089,-0.0302,0.042699999999999995,-0.0151,0.0001,0.04987771532316597
2020-09-30,-0.04400814220546756,1.2777426838215085,32,32,0,0,2019,2020-03-31,gap_top_10pct,-0.0364,-0.0001,-0.027200000000000002,-0.0138,-0.019299999999999998,0.0001,-0.04410814220546756
2020-10-31,0.0011954470303314757,1.2792701575184107,32,32,0,0,2019,2020-03-31,gap_top_10pct,-0.0208,0.0467,0.0425,-0.0077,-0.005699999999999999,0.0001,0.0010954470303314757
2020-11-30,0.16067791663730246,1.4848206212447426,32,32,0,0,2019,2020-03-31,gap_top_10pct,0.1244,0.0712,0.0209,-0.0225,0.0128,0.0001,0.16057791663730248
2020-12-31,0.05708352420067375,1.5695794151112263,32,32,0,0,2019,2020-03-31,gap_top_10pct,0.0463,0.0493,-0.0168,-0.0197,-0.0006,0.0001,0.05698352420067375
2021-01-31,0.00920646069312836,1.5840296863011911,32,32,0,0,2019,2020-03-31,gap_top_10pct,-0.0007000000000000001,0.0681,0.0322,-0.0365,0.049699999999999994,0.0,0.00920646069312836
2021-02-28,0.06147675510097628,1.6814106913986056,32,32,0,0,2019,2020-03-31,gap_top_10pct,0.0281,0.045,0.07200000000000001,0.0033,-0.0199,0.0,0.06147675510097628
2021-03-31,0.05232383374958394,1.769388544880119,32,32,0,0,2019,2020-03-31,gap_top_10pct,0.0316,-0.0084,0.0735,0.0635,0.0352,0.0,0.05232383374958394
2020-04-30,0.15308911030090555,1.1530891103009056,64,64,0,0,2019,2020-03-31,gap_top_20pct,0.1358,0.025699999999999997,-0.0134,0.0276,-0.0102,0.0,0.15308911030090555
2020-05-31,0.052734031723215,1.2138961480232073,64,64,0,0,2019,2020-03-31,gap_top_20pct,0.0559,0.0192,-0.05,0.0096,-0.0316,0.0001,0.052634031723215
2020-06-30,0.01653226744999947,1.2339646037988512,64,64,0,0,2019,2020-03-31,gap_top_20pct,0.024399999999999998,0.0195,-0.0217,0.0014000000000000002,0.0055000000000000005,0.0001,0.016432267449999472
2020-07-31,0.03660947159532468,1.2791393959112614,64,64,0,0,2019,2020-03-31,gap_top_20pct,0.0583,-0.0319,-0.0144,0.0038,0.0097,0.0001,0.03650947159532468
2020-08-31,0.07915094906645326,1.3803844930859275,64,64,0,0,2019,2020-03-31,gap_top_20pct,0.0762,-0.0089,-0.0302,0.042699999999999995,-0.0151,0.0001,0.07905094906645325
2020-09-30,-0.03594022133851682,1.330773168872163,64,64,0,0,2019,2020-03-31,gap_top_20pct,-0.0364,-0.0001,-0.027200000000000002,-0.0138,-0.019299999999999998,0.0001,-0.03604022133851682
2020-10-31,-0.0028694334334302685,1.3269546038490891,64,64,0,0,2019,2020-03-31,gap_top_20pct,-0.0208,0.0467,0.0425,-0.0077,-0.005699999999999999,0.0001,-0.0029694334334302683
2020-11-30,0.1932840019232367,1.5834337000515044,64,64,0,0,2019,2020-03-31,gap_top_20pct,0.1244,0.0712,0.0209,-0.0225,0.0128,0.0001,0.1931840019232367
2020-12-31,0.05033854084038403,1.6631414420295874,64,64,0,0,2019,2020-03-31,gap_top_20pct,0.0463,0.0493,-0.0168,-0.0197,-0.0006,0.0001,0.050238540840384024
2021-01-31,0.014065493364231685,1.686534346946233,64,64,0,0,2019,2020-03-31,gap_top_20pct,-0.0007000000000000001,0.0681,0.0322,-0.0365,0.049699999999999994,0.0,0.014065493364231685
2021-02-28,0.10583773644075456,1.8650333246566084,64,64,0,0,2019,2020-03-31,gap_top_20pct,0.0281,0.045,0.07200000000000001,0.0033,-0.0199,0.0,0.10583773644075456
2021-03-31,0.05611197104096122,1.9696840205601678,64,64,0,0,2019,2020-03-31,gap_top_20pct,0.0316,-0.0084,0.0735,0.0635,0.0352,0.0,0.05611197104096122
2020-04-30,0.15197042805847283,1.1519704280584713,96,96,0,0,2019,2020-03-31,gap_top_30pct,0.1358,0.025699999999999997,-0.0134,0.0276,-0.0102,0.0,0.15197042805847283
2020-05-31,0.04826075239665206,1.2075653876552666,96,96,0,0,2019,2020-03-31,gap_top_30pct,0.0559,0.0192,-0.05,0.0096,-0.0316,0.0001,0.04816075239665206
2020-06-30,0.013899946282300846,1.2243504816760407,96,96,0,0,2019,2020-03-31,gap_top_30pct,0.024399999999999998,0.0195,-0.0217,0.0014000000000000002,0.0055000000000000005,0.0001,0.013799946282300846
2020-07-31,0.03978537795742065,1.273061728341872,96,96,0,0,2019,2020-03-31,gap_top_30pct,0.0583,-0.0319,-0.0144,0.0038,0.0097,0.0001,0.03968537795742065
2020-08-31,0.0662723714117559,1.3574305480326363,96,96,0,0,2019,2020-03-31,gap_top_30pct,0.0762,-0.0089,-0.0302,0.042699999999999995,-0.0151,0.0001,0.0661723714117559
2020-09-30,-0.03666637286466623,1.3076584934205835,96,96,0,0,2019,2020-03-31,gap_top_30pct,-0.0364,-0.0001,-0.027200000000000002,-0.0138,-0.019299999999999998,0.0001,-0.03676637286466623
2020-10-31,-0.004788568826768258,1.301396680722931,96,96,0,0,2019,2020-03-31,gap_top_30pct,-0.0208,0.0467,0.0425,-0.0077,-0.005699999999999999,0.0001,-0.004888568826768258
2020-11-30,0.17831401364621602,1.5334539462084997,96,96,0,0,2019,2020-03-31,gap_top_30pct,0.1244,0.0712,0.0209,-0.0225,0.0128,0.0001,0.17821401364621603
2020-12-31,0.04236375224650324,1.5984168092670994,96,96,0,0,2019,2020-03-31,gap_top_30pct,0.0463,0.0493,-0.0168,-0.0197,-0.0006,0.0001,0.042263752246503236
2021-01-31,0.0065940869291960524,1.608956908656495,96,96,0,0,2019,2020-03-31,gap_top_30pct,-0.0007000000000000001,0.0681,0.0322,-0.0365,0.049699999999999994,0.0,0.0065940869291960524
2021-02-28,0.09136177846818239,1.7559540733100214,96,96,0,0,2019,2020-03-31,gap_top_30pct,0.0281,0.045,0.07200000000000001,0.0033,-0.0199,0.0,0.09136177846818239
2021-03-31,0.05954498524971363,1.8605123327044413,96,96,0,0,2019,2020-03-31,gap_top_30pct,0.0316,-0.0084,0.0735,0.0635,0.0352,0.0,0.05954498524971363
2021-04-30,0.06777118032397178,1.0677711803239718,16,16,0,0,2020,2021-03-31,gap_top_5pct,0.049699999999999994,-0.0316,-0.0102,0.024300000000000002,-0.027200000000000002,0.0,0.06777118032397178
2021-05-31,0.026449316922679378,1.0960129986732638,16,16,0,0,2020,2021-03-31,gap_top_5pct,0.0029,0.0127,0.0704,0.023399999999999997,0.0301,0.0,0.026449316922679378
2021-06-30,0.02156688383140759,1.1196505836933628,16,16,0,0,2020,2021-03-31,gap_top_5pct,0.0273,-0.003,-0.0786,-0.021400000000000002,-0.009300000000000001,0.0,0.02156688383140759
2021-07-31,0.052467261613786675,1.1783955837840314,16,16,0,0,2020,2021-03-31,gap_top_5pct,0.0134,-0.0455,-0.0179,0.055,-0.0059,0.0,0.052467261613786675
2021-08-31,0.01350603985555665,1.1943110415042306,16,16,0,0,2020,2021-03-31,gap_top_5pct,0.029500000000000002,-0.0066,-0.0023,-0.0026,-0.0172,0.0,0.01350603985555665
2021-09-30,-0.04527014584001943,1.1402444064769885,16,16,0,0,2020,2021-03-31,gap_top_5pct,-0.044000000000000004,0.011200000000000002,0.0512,-0.0192,0.02,0.0,-0.04527014584001943
2021-10-31,0.058958346515490145,1.2074713313064083,16,16,0,0,2020,2021-03-31,gap_top_5pct,0.0663,-0.027000000000000003,-0.0053,0.0171,-0.0154,0.0,0.058958346515490145
2021-11-30,0.021211708999286483,1.2330838618110609,16,16,0,0,2020,2021-03-31,gap_top_5pct,-0.0158,-0.017,-0.0037,0.0719,0.017,0.0,0.021211708999286483
2021-12-31,0.06558517475130432,1.3139558823709525,16,16,0,0,2020,2021-03-31,gap_top_5pct,0.032400000000000005,-0.0078000000000000005,0.0325,0.048799999999999996,0.0429,0.0001,0.06548517475130432
2022-01-31,-0.09727878181059113,1.1861358547810459,16,16,0,0,2020,2021-03-31,gap_top_5pct,-0.061500000000000006,-0.0401,0.1286,0.0077,0.07730000000000001,0.0,-0.09727878181059113
2022-02-28,-0.007479517639066624,1.1772641307328817,16,16,0,0,2020,2021-03-31,gap_top_5pct,-0.022799999999999997,0.0286,0.030600000000000002,-0.0203,0.030299999999999997,0.0,-0.007479517639066624
2022-03-31,0.027232090112671692,1.2093234936274158,16,16,0,0,2020,2021-03-31,gap_top_5pct,0.0308,-0.021099999999999997,-0.019,-0.015,0.0321,0.0,0.027232090112671692
2021-04-30,0.05678266964923173,1.056782669649231,33,33,0,0,2020,2021-03-31,gap_top_10pct,0.049699999999999994,-0.0316,-0.0102,0.024300000000000002,-0.027200000000000002,0.0,0.05678266964923173
2021-05-31,0.02815367113378331,1.086534981390417,33,33,0,0,2020,2021-03-31,gap_top_10pct,0.0029,0.0127,0.0704,0.023399999999999997,0.0301,0.0,0.02815367113378331
2021-06-30,0.0008400517946793862,1.087447727051516,33,33,0,0,2020,2021-03-31,gap_top_10pct,0.0273,-0.003,-0.0786,-0.021400000000000002,-0.009300000000000001,0.0,0.0008400517946793862
2021-07-31,0.025244446694929756,1.1148997432305905,33,33,0,0,2020,2021-03-31,gap_top_10pct,0.0134,-0.0455,-0.0179,0.055,-0.0059,0.0,0.025244446694929756
2021-08-31,0.014013467827956427,1.1305233549137492,33,33,0,0,2020,2021-03-31,gap_top_10pct,0.029500000000000002,-0.0066,-0.0023,-0.0026,-0.0172,0.0,0.014013467827956427
2021-09-30,-0.04266338224778321,1.0822914048830177,33,33,0,0,2020,2021-03-31,gap_top_10pct,-0.044000000000000004,0.011200000000000002,0.0512,-0.0192,0.02,0.0,-0.04266338224778321
2021-10-31,0.03810489408585216,1.1235320042361132,33,33,0,0,2020,2021-03-31,gap_top_10pct,0.0663,-0.027000000000000003,-0.0053,0.0171,-0.0154,0.0,0.03810489408585216
2021-11-30,0.01459374451902229,1.13992854326488,33,33,0,0,2020,2021-03-31,gap_top_10pct,-0.0158,-0.017,-0.0037,0.0719,0.017,0.0,0.01459374451902229
2021-12-31,0.0721237648726385,1.2221444814909255,33,33,0,0,2020,2021-03-31,gap_top_10pct,0.032400000000000005,-0.0078000000000000005,0.0325,0.048799999999999996,0.0429,0.0001,0.0720237648726385
2022-01-31,-0.07497424630074101,1.1305151201205335,33,33,0,0,2020,2021-03-31,gap_top_10pct,-0.061500000000000006,-0.0401,0.1286,0.0077,0.07730000000000001,0.0,-0.07497424630074101
2022-02-28,0.0033243373489884043,1.1342733337579463,33,33,0,0,2020,2021-03-31,gap_top_10pct,-0.022799999999999997,0.0286,0.030600000000000002,-0.0203,0.030299999999999997,0.0,0.0033243373489884043
2022-03-31,0.024469899161256636,1.1620288878563056,33,33,0,0,2020,2021-03-31,gap_top_10pct,0.0308,-0.021099999999999997,-0.019,-0.015,0.0321,0.0,0.024469899161256636
2021-04-30,0.044830928058596564,1.0448309280585957,66,66,0,0,2020,2021-03-31,gap_top_20pct,0.049699999999999994,-0.0316,-0.0102,0.024300000000000002,-0.027200000000000002,0.0,0.044830928058596564
2021-05-31,0.028192809333734248,1.0742876471993403,66,66,0,0,2020,2021-03-31,gap_top_20pct,0.0029,0.0127,0.0704,0.023399999999999997,0.0301,0.0,0.028192809333734248
2021-06-30,-0.0077922027239401,1.0659165800685384,66,66,0,0,2020,2021-03-31,gap_top_20pct,0.0273,-0.003,-0.0786,-0.021400000000000002,-0.009300000000000001,0.0,-0.0077922027239401
2021-07-31,0.012364728597089814,1.079096349288224,66,66,0,0,2020,2021-03-31,gap_top_20pct,0.0134,-0.0455,-0.0179,0.055,-0.0059,0.0,0.012364728597089814
2021-08-31,0.007177115438421033,1.0868411483562443,66,66,0,0,2020,2021-03-31,gap_top_20pct,0.029500000000000002,-0.0066,-0.0023,-0.0026,-0.0172,0.0,0.007177115438421033
2021-09-30,-0.028491921462909242,1.05587495571462,66,66,0,0,2020,2021-03-31,gap_top_20pct,-0.044000000000000004,0.011200000000000002,0.0512,-0.0192,0.02,0.0,-0.028491921462909242
2021-10-31,0.04442770031394705,1.1027850518161113,66,66,0,0,2020,2021-03-31,gap_top_20pct,0.0663,-0.027000000000000003,-0.0053,0.0171,-0.0154,0.0,0.04442770031394705
2021-11-30,-0.0027128977857598935,1.0997933086908702,66,66,0,0,2020,2021-03-31,gap_top_20pct,-0.0158,-0.017,-0.0037,0.0719,0.017,0.0,-0.0027128977857598935
2021-12-31,0.07333191811723938,1.180443261549677,66,66,0,0,2020,2021-03-31,gap_top_20pct,0.032400000000000005,-0.0078000000000000005,0.0325,0.048799999999999996,0.0429,0.0001,0.07323191811723938
2022-01-31,-0.0618036568616388,1.107487551268227,66,66,0,0,2020,2021-03-31,gap_top_20pct,-0.061500000000000006,-0.0401,0.1286,0.0077,0.07730000000000001,0.0,-0.0618036568616388
2022-02-28,-0.0017902529525636313,1.1055048684096416,66,66,0,0,2020,2021-03-31,gap_top_20pct,-0.022799999999999997,0.0286,0.030600000000000002,-0.0203,0.030299999999999997,0.0,-0.0017902529525636313
2022-03-31,0.025138475835497553,1.1332955758301824,66,66,0,0,2020,2021-03-31,gap_top_20pct,0.0308,-0.021099999999999997,-0.019,-0.015,0.0321,0.0,0.025138475835497553
2021-04-30,0.0427171840623608,1.0427171840623588,99,99,0,0,2020,2021-03-31,gap_top_30pct,0.049699999999999994,-0.0316,-0.0102,0.024300000000000002,-0.027200000000000002,0.0,0.0427171840623608
2021-05-31,0.026517998367373785,1.070367956646957,99,99,0,0,2020,2021-03-31,gap_top_30pct,0.0029,0.0127,0.0704,0.023399999999999997,0.0301,0.0,0.026517998367373785
2021-06-30,-0.008656417297282504,1.0611024049525815,99,99,0,0,2020,2021-03-31,gap_top_30pct,0.0273,-0.003,-0.0786,-0.021400000000000002,-0.009300000000000001,0.0,-0.008656417297282504
2021-07-31,0.01050213152046986,1.0722462419660803,99,99,0,0,2020,2021-03-31,gap_top_30pct,0.0134,-0.0455,-0.0179,0.055,-0.0059,0.0,0.01050213152046986
2021-08-31,0.014342600604653422,1.0876250415644404,99,99,0,0,2020,2021-03-31,gap_top_30pct,0.029500000000000002,-0.0066,-0.0023,-0.0026,-0.0172,0.0,0.014342600604653422
2021-09-30,-0.03284667039678646,1.051900180308882,99,99,0,0,2020,2021-03-31,gap_top_30pct,-0.044000000000000004,0.011200000000000002,0.0512,-0.0192,0.02,0.0,-0.03284667039678646
2021-10-31,0.04530540325532528,1.0995569421621254,99,99,0,0,2020,2021-03-31,gap_top_30pct,0.0663,-0.027000000000000003,-0.0053,0.0171,-0.0154,0.0,0.04530540325532528
2021-11-30,-0.006079801581589495,1.0928718541261204,99,99,0,0,2020,2021-03-31,gap_top_30pct,-0.0158,-0.017,-0.0037,0.0719,0.017,0.0,-0.006079801581589495
2021-12-31,0.07051509073860962,1.1699358120854964,99,99,0,0,2020,2021-03-31,gap_top_30pct,0.032400000000000005,-0.0078000000000000005,0.0325,0.048799999999999996,0.0429,0.0001,0.07041509073860962
2022-01-31,-0.06610716518400561,1.0925946721012767,99,99,0,0,2020,2021-03-31,gap_top_30pct,-0.061500000000000006,-0.0401,0.1286,0.0077,0.07730000000000001,0.0,-0.06610716518400561
2022-02-28,-0.0021704493388456925,1.0902232507175882,99,99,0,0,2020,2021-03-31,gap_top_30pct,-0.022799999999999997,0.0286,0.030600000000000002,-0.0203,0.030299999999999997,0.0,-0.0021704493388456925
2022-03-31,0.01960151058366666,1.1115932733050884,99,99,0,0,2020,2021-03-31,gap_top_30pct,0.0308,-0.021099999999999997,-0.019,-0.015,0.0321,0.0,0.01960151058366666
2022-04-30,-0.09015741379248043,0.9098425862075196,17,17,0,0,2021,2022-03-31,gap_top_5pct,-0.0941,-0.0034999999999999996,0.061799999999999994,0.0341,0.0592,0.0,-0.09015741379248043
2022-05-31,-0.017819348931281787,0.8936297836913479,17,17,0,0,2021,2022-03-31,gap_top_5pct,-0.0033,-0.0003,0.08439999999999999,0.0155,0.0395,0.0003,-0.018119348931281788
2022-06-30,-0.08683470138442273,0.8160317082762835,17,17,0,0,2021,2022-03-31,gap_top_5pct,-0.084,0.013300000000000001,-0.06,0.0176,-0.0458,0.0006,-0.08743470138442273
2022-07-31,0.0990469836459944,0.8968571875405374,17,17,0,0,2021,2022-03-31,gap_top_5pct,0.09570000000000001,0.0178,-0.0415,0.0077,-0.06849999999999999,0.0008,0.0982469836459944
2022-08-31,-0.049890231686351094,0.8521127746645708,17,17,0,0,2021,2022-03-31,gap_top_5pct,-0.0377,0.0148,0.0018,-0.047400000000000005,0.0132,0.0019,-0.05179023168635109
2022-09-30,-0.09418375835866932,0.7718575910012276,17,17,0,0,2021,2022-03-31,gap_top_5pct,-0.0934,-0.0098,0.0003,-0.013300000000000001,-0.0077,0.0019,-0.09608375835866932
2022-10-31,0.07971003540734167,0.833382386909361,17,17,0,0,2021,2022-03-31,gap_top_5pct,0.0786,0.0181,0.0797,0.0327,0.0643,0.0023,0.07741003540734168
2022-11-30,0.08244043202794371,0.9020867909306477,17,17,0,0,2021,2022-03-31,gap_top_5pct,0.046900000000000004,-0.0275,0.0148,0.0629,0.0315,0.0029,0.07954043202794371
2022-12-31,-0.05273033824281381,0.8545194493205002,17,17,0,0,2021,2022-03-31,gap_top_5pct,-0.0638,-0.002,0.0134,0.0034000000000000002,0.042800000000000005,0.0033,-0.05603033824281381
2023-01-31,0.10309573298752372,0.9426167583002922,17,17,0,0,2021,2022-03-31,gap_top_5pct,0.066,0.044000000000000004,-0.0394,-0.024399999999999998,-0.0443,0.0034999999999999996,0.09959573298752372
2023-02-28,-0.03661367950848082,0.9081040904125622,17,17,0,0,2021,2022-03-31,gap_top_5pct,-0.025699999999999997,0.005699999999999999,-0.008,0.009899999999999999,-0.0151,0.0034000000000000002,-0.04001367950848082
2023-03-31,0.04085581614094003,0.9452054241672935,17,17,0,0,2021,2022-03-31,gap_top_5pct,0.024900000000000002,-0.0689,-0.09050000000000001,0.0227,-0.021,0.0036,0.03725581614094003
2022-04-30,-0.08854743671767329,0.9114525632823269,35,35,0,0,2021,2022-03-31,gap_top_10pct,-0.0941,-0.0034999999999999996,0.061799999999999994,0.0341,0.0592,0.0,-0.08854743671767329
2022-05-31,0.0018448433550677379,0.9131340504871578,35,35,0,0,2021,2022-03-31,gap_top_10pct,-0.0033,-0.0003,0.08439999999999999,0.0155,0.0395,0.0003,0.001544843355067738
2022-06-30,-0.10878540238078138,0.8137983953773196,35,35,0,0,2021,2022-03-31,gap_top_10pct,-0.084,0.013300000000000001,-0.06,0.0176,-0.0458,0.0006,-0.10938540238078139
2022-07-31,0.09224825913240964,0.8888698806356258,35,35,0,0,2021,2022-03-31,gap_top_10pct,0.09570000000000001,0.0178,-0.0415,0.0077,-0.06849999999999999,0.0008,0.09144825913240964
2022-08-31,-0.05491679163054042,0.8400559986140957,35,35,0,0,2021,2022-03-31,gap_top_10pct,-0.0377,0.0148,0.0018,-0.047400000000000005,0.0132,0.0019,-0.05681679163054042
2022-09-30,-0.10130328176641579,0.7549555690869242,35,35,0,0,2021,2022-03-31,gap_top_10pct,-0.0934,-0.0098,0.0003,-0.013300000000000001,-0.0077,0.0019,-0.10320328176641579
2022-10-31,0.10453575802071002,0.8338754217733823,35,35,0,0,2021,2022-03-31,gap_top_10pct,0.0786,0.0181,0.0797,0.0327,0.0643,0.0023,0.10223575802071003
2022-11-30,0.0809641779829442,0.9013894598374451,35,35,0,0,2021,2022-03-31,gap_top_10pct,0.046900000000000004,-0.0275,0.0148,0.0629,0.0315,0.0029,0.0780641779829442
2022-12-31,-0.049431876481525694,0.8568320873970113,35,35,0,0,2021,2022-03-31,gap_top_10pct,-0.0638,-0.002,0.0134,0.0034000000000000002,0.042800000000000005,0.0033,-0.05273187648152569
2023-01-31,0.10370042689100911,0.9456859406339959,35,35,0,0,2021,2022-03-31,gap_top_10pct,0.066,0.044000000000000004,-0.0394,-0.024399999999999998,-0.0443,0.0034999999999999996,0.10020042689100911
2023-02-28,-0.03960162493374153,0.9082352407078959,35,35,0,0,2021,2022-03-31,gap_top_10pct,-0.025699999999999997,0.005699999999999999,-0.008,0.009899999999999999,-0.0151,0.0034000000000000002,-0.04300162493374153
2023-03-31,0.029792568723905566,0.9352939015341588,35,35,0,0,2021,2022-03-31,gap_top_10pct,0.024900000000000002,-0.0689,-0.09050000000000001,0.0227,-0.021,0.0036,0.026192568723905567
2022-04-30,-0.07049461672923796,0.9295053832707613,71,71,0,0,2021,2022-03-31,gap_top_20pct,-0.0941,-0.0034999999999999996,0.061799999999999994,0.0341,0.0592,0.0,-0.07049461672923796
2022-05-31,0.010780140730959342,0.9395255821126044,71,71,0,0,2021,2022-03-31,gap_top_20pct,-0.0033,-0.0003,0.08439999999999999,0.0155,0.0395,0.0003,0.010480140730959342
2022-06-30,-0.09941016508522627,0.8461271888929971,71,71,0,0,2021,2022-03-31,gap_top_20pct,-0.084,0.013300000000000001,-0.06,0.0176,-0.0458,0.0006,-0.10001016508522627
2022-07-31,0.0863786644853235,0.9192145254542952,71,71,0,0,2021,2022-03-31,gap_top_20pct,0.09570000000000001,0.0178,-0.0415,0.0077,-0.06849999999999999,0.0008,0.0855786644853235
2022-08-31,-0.04775022065545065,0.8753218290341572,71,71,0,0,2021,2022-03-31,gap_top_20pct,-0.0377,0.0148,0.0018,-0.047400000000000005,0.0132,0.0019,-0.04965022065545065
2022-09-30,-0.09190072607192168,0.7948791173993157,71,71,0,0,2021,2022-03-31,gap_top_20pct,-0.0934,-0.0098,0.0003,-0.013300000000000001,-0.0077,0.0019,-0.09380072607192168
2022-10-31,0.1122519761777705,0.884105869149831,71,71,0,0,2021,2022-03-31,gap_top_20pct,0.0786,0.0181,0.0797,0.0327,0.0643,0.0023,0.1099519761777705
2022-11-30,0.07288907987254256,0.9485475324620768,71,71,0,0,2021,2022-03-31,gap_top_20pct,0.046900000000000004,-0.0275,0.0148,0.0629,0.0315,0.0029,0.06998907987254256
2022-12-31,-0.042824953368220675,0.9079260286168476,71,71,0,0,2021,2022-03-31,gap_top_20pct,-0.0638,-0.002,0.0134,0.0034000000000000002,0.042800000000000005,0.0033,-0.04612495336822067
2023-01-31,0.07559406331120999,0.976559846306005,71,71,0,0,2021,2022-03-31,gap_top_20pct,0.066,0.044000000000000004,-0.0394,-0.024399999999999998,-0.0443,0.0034999999999999996,0.07209406331120999
2023-02-28,-0.03798611045896394,0.9394641361144362,71,71,0,0,2021,2022-03-31,gap_top_20pct,-0.025699999999999997,0.005699999999999999,-0.008,0.009899999999999999,-0.0151,0.0034000000000000002,-0.04138611045896394
2023-03-31,0.02021787961712751,0.9584581089230066,71,71,0,0,2021,2022-03-31,gap_top_20pct,0.024900000000000002,-0.0689,-0.09050000000000001,0.0227,-0.021,0.0036,0.01661787961712751
2022-04-30,-0.06067208838335714,0.9393279116166428,106,106,0,0,2021,2022-03-31,gap_top_30pct,-0.0941,-0.0034999999999999996,0.061799999999999994,0.0341,0.0592,0.0,-0.06067208838335714
2022-05-31,0.011943308746964698,0.9505465948797219,106,106,0,0,2021,2022-03-31,gap_top_30pct,-0.0033,-0.0003,0.08439999999999999,0.0155,0.0395,0.0003,0.011643308746964698
2022-06-30,-0.09872479801149003,0.8567040742997117,106,106,0,0,2021,2022-03-31,gap_top_30pct,-0.084,0.013300000000000001,-0.06,0.0176,-0.0458,0.0006,-0.09932479801149004
2022-07-31,0.07878113833210576,0.924196196486796,106,106,0,0,2021,2022-03-31,gap_top_30pct,0.09570000000000001,0.0178,-0.0415,0.0077,-0.06849999999999999,0.0008,0.07798113833210576
2022-08-31,-0.04788623794495017,0.8799399175140113,106,106,0,0,2021,2022-03-31,gap_top_30pct,-0.0377,0.0148,0.0018,-0.047400000000000005,0.0132,0.0019,-0.04978623794495017
2022-09-30,-0.09082086850586879,0.8000230099724063,106,106,0,0,2021,2022-03-31,gap_top_30pct,-0.0934,-0.0098,0.0003,-0.013300000000000001,-0.0077,0.0019,-0.09272086850586879
2022-10-31,0.11100991431054652,0.8888334957559085,106,106,0,0,2021,2022-03-31,gap_top_30pct,0.0786,0.0181,0.0797,0.0327,0.0643,0.0023,0.10870991431054652
2022-11-30,0.07046488392143146,0.9514650448598289,106,106,0,0,2021,2022-03-31,gap_top_30pct,0.046900000000000004,-0.0275,0.0148,0.0629,0.0315,0.0029,0.06756488392143147
2022-12-31,-0.04196320577087698,0.9115385213985792,106,106,0,0,2021,2022-03-31,gap_top_30pct,-0.0638,-0.002,0.0134,0.0034000000000000002,0.042800000000000005,0.0033,-0.045263205770876974
2023-01-31,0.06989564746020349,0.9752510965366493,106,106,0,0,2021,2022-03-31,gap_top_30pct,0.066,0.044000000000000004,-0.0394,-0.024399999999999998,-0.0443,0.0034999999999999996,0.06639564746020349
2023-02-28,-0.03740661665430667,0.9387702526268107,106,106,0,0,2021,2022-03-31,gap_top_30pct,-0.025699999999999997,0.005699999999999999,-0.008,0.009899999999999999,-0.0151,0.0034000000000000002,-0.04080661665430667
2023-03-31,0.01172526447161859,0.9497775821169483,106,106,0,0,2021,2022-03-31,gap_top_30pct,0.024900000000000002,-0.0689,-0.09050000000000001,0.0227,-0.021,0.0036,0.008125264471618591
2023-04-30,0.0002826640846647077,1.000282664084665,18,18,0,0,2022,2023-03-31,gap_top_5pct,0.0063,-0.025699999999999997,-0.0012,0.0241,0.0285,0.0034999999999999996,-0.003217335915335292
2023-05-31,-0.04418288369799617,0.9560872914722904,18,18,0,0,2022,2023-03-31,gap_top_5pct,0.0033,-0.0043,-0.0779,-0.0178,-0.0708,0.0036,-0.047782883697996166
2023-06-30,0.07584145653407837,1.028598344231271,18,18,0,0,2022,2023-03-31,gap_top_5pct,0.0646,0.0128,-0.0013,0.0231,-0.0154,0.004,0.07184145653407836
2023-07-31,0.02140841579554187,1.05061900527118,18,18,0,0,2022,2023-03-31,gap_top_5pct,0.0321,0.0294,0.04019999999999999,-0.0058,0.006999999999999999,0.0045000000000000005,0.016908415795541868
2023-08-31,-0.03186040674342183,1.0171458564308709,18,18,0,0,2022,2023-03-31,gap_top_5pct,-0.0236,-0.0356,-0.0129,0.0326,-0.023,0.0045000000000000005,-0.036360406743421836
2023-09-30,-0.06451818632819173,0.9515214505427158,18,18,0,0,2022,2023-03-31,gap_top_5pct,-0.052300000000000006,-0.0174,0.0147,0.0187,-0.0075,0.0043,-0.06881818632819173
2023-10-31,-0.04540059462728796,0.9083218108874569,18,18,0,0,2022,2023-03-31,gap_top_5pct,-0.0315,-0.04019999999999999,0.0021,0.024300000000000002,-0.0072,0.004699999999999999,-0.050100594627287956
2023-11-30,0.1103980276646257,1.0085987472941933,18,18,0,0,2022,2023-03-31,gap_top_5pct,0.0888,-0.0023,0.0178,-0.0366,-0.0115,0.0044,0.1059980276646257
2023-12-31,0.0615462578671917,1.0706742258796882,18,18,0,0,2022,2023-03-31,gap_top_5pct,0.048499999999999995,0.0724,0.049400000000000006,-0.029300000000000003,0.0121,0.0043,0.0572462578671917
2024-01-31,-0.0012348794777999883,1.06935207225074,18,18,0,0,2022,2023-03-31,gap_top_5pct,0.0073,-0.057,-0.0236,0.0068000000000000005,-0.009399999999999999,0.004699999999999999,-0.005934879477799988
2024-02-29,0.04787418236429675,1.1205464283693105,18,18,0,0,2022,2023-03-31,gap_top_5pct,0.0507,-0.008100000000000001,-0.0347,-0.0204,-0.022400000000000003,0.0042,0.043674182364296744
2024-03-31,0.03141378242177395,1.1557470300636,18,18,0,0,2022,2023-03-31,gap_top_5pct,0.028399999999999998,-0.011899999999999999,0.0414,0.0131,0.0118,0.0043,0.027113782421773952
2023-04-30,0.009695253405601845,1.009695253405601,37,37,0,0,2022,2023-03-31,gap_top_10pct,0.0063,-0.025699999999999997,-0.0012,0.0241,0.0285,0.0034999999999999996,0.006195253405601845
2023-05-31,-0.014753330532023434,0.994798885595493,37,37,0,0,2022,2023-03-31,gap_top_10pct,0.0033,-0.0043,-0.0779,-0.0178,-0.0708,0.0036,-0.018353330532023433
2023-06-30,0.07549329731919063,1.069899533638553,37,37,0,0,2022,2023-03-31,gap_top_10pct,0.0646,0.0128,-0.0013,0.0231,-0.0154,0.004,0.07149329731919063
2023-07-31,0.036129862764656684,1.108554856960884,37,37,0,0,2022,2023-03-31,gap_top_10pct,0.0321,0.0294,0.04019999999999999,-0.0058,0.006999999999999999,0.0045000000000000005,0.03162986276465668
2023-08-31,-0.018469345225910594,1.0880805746058135,37,37,0,0,2022,2023-03-31,gap_top_10pct,-0.0236,-0.0356,-0.0129,0.0326,-0.023,0.0045000000000000005,-0.022969345225910594
2023-09-30,-0.05789745122833234,1.0250834826050776,37,37,0,0,2022,2023-03-31,gap_top_10pct,-0.052300000000000006,-0.0174,0.0147,0.0187,-0.0075,0.0043,-0.06219745122833234
2023-10-31,-0.04227710426465403,0.9817459213310081,37,37,0,0,2022,2023-03-31,gap_top_10pct,-0.0315,-0.04019999999999999,0.0021,0.024300000000000002,-0.0072,0.004699999999999999,-0.04697710426465403
2023-11-30,0.10261961679006926,1.0824923115632097,37,37,0,0,2022,2023-03-31,gap_top_10pct,0.0888,-0.0023,0.0178,-0.0366,-0.0115,0.0044,0.09821961679006926
2023-12-31,0.07744124022898702,1.1663218587090076,37,37,0,0,2022,2023-03-31,gap_top_10pct,0.048499999999999995,0.0724,0.049400000000000006,-0.029300000000000003,0.0121,0.0043,0.07314124022898702
2024-01-31,0.009147393046282426,1.1769906631690896,37,37,0,0,2022,2023-03-31,gap_top_10pct,0.0073,-0.057,-0.0236,0.0068000000000000005,-0.009399999999999999,0.004699999999999999,0.004447393046282427
2024-02-29,0.05016399542171923,1.23603321740771,37,37,0,0,2022,2023-03-31,gap_top_10pct,0.0507,-0.008100000000000001,-0.0347,-0.0204,-0.022400000000000003,0.0042,0.04596399542171923
2024-03-31,0.057475149682798765,1.3070744115911295,37,37,0,0,2022,2023-03-31,gap_top_10pct,0.028399999999999998,-0.011899999999999999,0.0414,0.0131,0.0118,0.0043,0.05317514968279877
2023-04-30,0.003114151449996827,1.0031141514499953,74,74,0,0,2022,2023-03-31,gap_top_20pct,0.0063,-0.025699999999999997,-0.0012,0.0241,0.0285,0.0034999999999999996,-0.0003858485500031726
2023-05-31,-0.03567896088205358,0.9673240808801765,74,74,0,0,2022,2023-03-31,gap_top_20pct,0.0033,-0.0043,-0.0779,-0.0178,-0.0708,0.0036,-0.03927896088205358
2023-06-30,0.08128698253561417,1.0459549365489624,74,74,0,0,2022,2023-03-31,gap_top_20pct,0.0646,0.0128,-0.0013,0.0231,-0.0154,0.004,0.07728698253561417
2023-07-31,0.035400769556659384,1.0829825462243825,74,74,0,0,2022,2023-03-31,gap_top_20pct,0.0321,0.0294,0.04019999999999999,-0.0058,0.006999999999999999,0.0045000000000000005,0.030900769556659383
2023-08-31,-0.021462660365203723,1.059738859653325,74,74,0,0,2022,2023-03-31,gap_top_20pct,-0.0236,-0.0356,-0.0129,0.0326,-0.023,0.0045000000000000005,-0.025962660365203723
2023-09-30,-0.05400011215661893,1.002512842375318,74,74,0,0,2022,2023-03-31,gap_top_20pct,-0.052300000000000006,-0.0174,0.0147,0.0187,-0.0075,0.0043,-0.05830011215661893
2023-10-31,-0.04011649086287117,0.9622955450942575,74,74,0,0,2022,2023-03-31,gap_top_20pct,-0.0315,-0.04019999999999999,0.0021,0.024300000000000002,-0.0072,0.004699999999999999,-0.044816490862871164
2023-11-30,0.0783622739615426,1.0377032122309058,74,74,0,0,2022,2023-03-31,gap_top_20pct,0.0888,-0.0023,0.0178,-0.0366,-0.0115,0.0044,0.0739622739615426
2023-12-31,0.07479460822036965,1.1153178174387355,74,74,0,0,2022,2023-03-31,gap_top_20pct,0.048499999999999995,0.0724,0.049400000000000006,-0.029300000000000003,0.0121,0.0043,0.07049460822036965
2024-01-31,0.004045209515079362,1.1198295116861763,74,74,0,0,2022,2023-03-31,gap_top_20pct,0.0073,-0.057,-0.0236,0.0068000000000000005,-0.009399999999999999,0.004699999999999999,-0.0006547904849206372
2024-02-29,0.048331248409530625,1.1739522699918041,74,74,0,0,2022,2023-03-31,gap_top_20pct,0.0507,-0.008100000000000001,-0.0347,-0.0204,-0.022400000000000003,0.0042,0.04413124840953062
2024-03-31,0.05529691635764822,1.2388682104734121,74,74,0,0,2022,2023-03-31,gap_top_20pct,0.028399999999999998,-0.011899999999999999,0.0414,0.0131,0.0118,0.0043,0.05099691635764822
2023-04-30,-0.003299790612757425,0.9967002093872439,111,111,0,0,2022,2023-03-31,gap_top_30pct,0.0063,-0.025699999999999997,-0.0012,0.0241,0.0285,0.0034999999999999996,-0.006799790612757425
2023-05-31,-0.03966617207471601,0.957164927374784,111,111,0,0,2022,2023-03-31,gap_top_30pct,0.0033,-0.0043,-0.0779,-0.0178,-0.0708,0.0036,-0.04326617207471601
2023-06-30,0.08159232673930483,1.0352622408725503,111,111,0,0,2022,2023-03-31,gap_top_30pct,0.0646,0.0128,-0.0013,0.0231,-0.0154,0.004,0.07759232673930483
2023-07-31,0.03563926876390289,1.0721582301161274,111,111,0,0,2022,2023-03-31,gap_top_30pct,0.0321,0.0294,0.04019999999999999,-0.0058,0.006999999999999999,0.0045000000000000005,0.031139268763902887
2023-08-31,-0.024483025779689194,1.0459085525282883,111,111,0,0,2022,2023-03-31,gap_top_30pct,-0.0236,-0.0356,-0.0129,0.0326,-0.023,0.0045000000000000005,-0.028983025779689194
2023-09-30,-0.05016694244916631,0.9934385183665109,111,111,0,0,2022,2023-03-31,gap_top_30pct,-0.052300000000000006,-0.0174,0.0147,0.0187,-0.0075,0.0043,-0.054466942449166306
2023-10-31,-0.04150211459945796,0.9522087191297482,111,111,0,0,2022,2023-03-31,gap_top_30pct,-0.0315,-0.04019999999999999,0.0021,0.024300000000000002,-0.0072,0.004699999999999999,-0.04620211459945796
2023-11-30,0.07893484990896193,1.02737117145626,111,111,0,0,2022,2023-03-31,gap_top_30pct,0.0888,-0.0023,0.0178,-0.0366,-0.0115,0.0044,0.07453484990896193
2023-12-31,0.07419199850831815,1.1035938918764319,111,111,0,0,2022,2023-03-31,gap_top_30pct,0.048499999999999995,0.0724,0.049400000000000006,-0.029300000000000003,0.0121,0.0043,0.06989199850831815
2024-01-31,-0.0005571411473916932,1.1029790343092574,111,111,0,0,2022,2023-03-31,gap_top_30pct,0.0073,-0.057,-0.0236,0.0068000000000000005,-0.009399999999999999,0.004699999999999999,-0.0052571411473916925
2024-02-29,0.04407720873540111,1.1515952714352777,111,111,0,0,2022,2023-03-31,gap_top_30pct,0.0507,-0.008100000000000001,-0.0347,-0.0204,-0.022400000000000003,0.0042,0.039877208735401105
2024-03-31,0.052154329425364354,1.211655950586405,111,111,0,0,2022,2023-03-31,gap_top_30pct,0.028399999999999998,-0.011899999999999999,0.0414,0.0131,0.0118,0.0043,0.047854329425364356
2024-04-30,-0.045139003380119225,0.954860996619881,18,18,0,0,2023,2024-03-31,gap_top_5pct,-0.04650000000000001,-0.0259,-0.005,0.011000000000000001,-0.0034000000000000002,0.004699999999999999,-0.04983900338011922
2024-05-31,0.018174786968440326,0.9722153918179199,18,18,0,0,2023,2024-03-31,gap_top_5pct,0.0432,0.0059,-0.013500000000000002,0.032,-0.0297,0.0044,0.013774786968440325
2024-06-30,0.0018034988698762966,0.9739687811783398,18,18,0,0,2023,2024-03-31,gap_top_5pct,0.027999999999999997,-0.0433,-0.0331,0.0058,-0.018000000000000002,0.0040999999999999995,-0.002296501130123703
2024-07-31,0.00785313070886473,0.981617485323287,18,18,0,0,2023,2024-03-31,gap_top_5pct,0.012199999999999999,0.0833,0.055999999999999994,0.0026,0.0027,0.0045000000000000005,0.00335313070886473
2024-08-31,0.03310071296208439,1.0141097239435362,18,18,0,0,2023,2024-03-31,gap_top_5pct,0.0161,-0.035699999999999996,-0.011000000000000001,0.0075,0.0079,0.0048,0.02830071296208439
2024-09-30,0.02034693634144813,1.0347437499398588,18,18,0,0,2023,2024-03-31,gap_top_5pct,0.0173,-0.009000000000000001,-0.0277,0.0019,-0.0025,0.004,0.01634693634144813
2024-10-31,-0.010852037285357774,1.0235146721847206,18,18,0,0,2023,2024-03-31,gap_top_5pct,-0.01,-0.0086,0.0089,-0.0149,0.0102,0.0039000000000000003,-0.014752037285357775
2024-11-30,0.04449835687482917,1.06905939333422,18,18,0,0,2023,2024-03-31,gap_top_5pct,0.0649,0.04650000000000001,0.0029,-0.0227,-0.019299999999999998,0.004,0.04049835687482917
2024-12-31,-0.037166513287040126,1.0293261831872287,18,18,0,0,2023,2024-03-31,gap_top_5pct,-0.0316,-0.0382,-0.0298,0.018799999999999997,-0.012,0.0037,-0.04086651328704013
2025-01-31,0.025197232901303934,1.0552623547564075,18,18,0,0,2023,2024-03-31,gap_top_5pct,0.027999999999999997,-0.012199999999999999,0.0166,-0.0235,-0.0322,0.0037,0.021497232901303932
2025-02-28,0.02642557072630014,1.083148264746825,18,18,0,0,2023,2024-03-31,gap_top_5pct,-0.024300000000000002,-0.048799999999999996,0.048799999999999996,0.010700000000000001,0.030899999999999997,0.0033,0.02312557072630014
2025-03-31,-0.031860595160376315,1.0486385163850622,18,18,0,0,2023,2024-03-31,gap_top_5pct,-0.0639,-0.0148,0.0294,0.0209,-0.0046,0.0034000000000000002,-0.035260595160376315
2024-04-30,-0.05939985555898153,0.9406001444410176,37,37,0,0,2023,2024-03-31,gap_top_10pct,-0.04650000000000001,-0.0259,-0.005,0.011000000000000001,-0.0034000000000000002,0.004699999999999999,-0.06409985555898152
2024-05-31,0.023320942211466633,0.9625358260536238,37,37,0,0,2023,2024-03-31,gap_top_10pct,0.0432,0.0059,-0.013500000000000002,0.032,-0.0297,0.0044,0.018920942211466632
2024-06-30,0.005610454314033175,0.9679360893313178,37,37,0,0,2023,2024-03-31,gap_top_10pct,0.027999999999999997,-0.0433,-0.0331,0.0058,-0.018000000000000002,0.0040999999999999995,0.0015104543140331758
2024-07-31,0.020567074413291975,0.9878437029079059,37,37,0,0,2023,2024-03-31,gap_top_10pct,0.012199999999999999,0.0833,0.055999999999999994,0.0026,0.0027,0.0045000000000000005,0.016067074413291974
2024-08-31,0.016325661634300603,1.003970904949155,37,37,0,0,2023,2024-03-31,gap_top_10pct,0.0161,-0.035699999999999996,-0.011000000000000001,0.0075,0.0079,0.0048,0.011525661634300605
2024-09-30,0.014737715333887014,1.0187671423498006,37,37,0,0,2023,2024-03-31,gap_top_10pct,0.0173,-0.009000000000000001,-0.0277,0.0019,-0.0025,0.004,0.010737715333887014
2024-10-31,-0.013351829438750795,1.0051647372273425,37,37,0,0,2023,2024-03-31,gap_top_10pct,-0.01,-0.0086,0.0089,-0.0149,0.0102,0.0039000000000000003,-0.017251829438750796
2024-11-30,0.05922652678419449,1.0646971534592655,37,37,0,0,2023,2024-03-31,gap_top_10pct,0.0649,0.04650000000000001,0.0029,-0.0227,-0.019299999999999998,0.004,0.055226526784194485
2024-12-31,-0.032652694116930725,1.0299319229801933,37,37,0,0,2023,2024-03-31,gap_top_10pct,-0.0316,-0.0382,-0.0298,0.018799999999999997,-0.012,0.0037,-0.03635269411693073
2025-01-31,0.02368487397011343,1.0543257307737757,37,37,0,0,2023,2024-03-31,gap_top_10pct,0.027999999999999997,-0.012199999999999999,0.0166,-0.0235,-0.0322,0.0037,0.019984873970113427
2025-02-28,0.009282908888879504,1.06411294047175,37,37,0,0,2023,2024-03-31,gap_top_10pct,-0.024300000000000002,-0.048799999999999996,0.048799999999999996,0.010700000000000001,0.030899999999999997,0.0033,0.005982908888879504
2025-03-31,-0.049953646650088945,1.010956618647637,37,37,0,0,2023,2024-03-31,gap_top_10pct,-0.0639,-0.0148,0.0294,0.0209,-0.0046,0.0034000000000000002,-0.053353646650088946
2024-04-30,-0.04871896951579224,0.9512810304842065,75,75,0,0,2023,2024-03-31,gap_top_20pct,-0.04650000000000001,-0.0259,-0.005,0.011000000000000001,-0.0034000000000000002,0.004699999999999999,-0.05341896951579224
2024-05-31,0.0309121883205703,0.9806872088443205,75,75,0,0,2023,2024-03-31,gap_top_20pct,0.0432,0.0059,-0.013500000000000002,0.032,-0.0297,0.0044,0.0265121883205703
2024-06-30,-0.010701098547375998,0.9701927783783263,75,75,0,0,2023,2024-03-31,gap_top_20pct,0.027999999999999997,-0.0433,-0.0331,0.0058,-0.018000000000000002,0.0040999999999999995,-0.014801098547375997
2024-07-31,0.030385517253834537,0.9996725877852866,75,75,0,0,2023,2024-03-31,gap_top_20pct,0.012199999999999999,0.0833,0.055999999999999994,0.0026,0.0027,0.0045000000000000005,0.025885517253834537
2024-08-31,0.02023726096353995,1.0199032228223948,75,75,0,0,2023,2024-03-31,gap_top_20pct,0.0161,-0.035699999999999996,-0.011000000000000001,0.0075,0.0079,0.0048,0.01543726096353995
2024-09-30,0.017083117617578525,1.0373263495364171,75,75,0,0,2023,2024-03-31,gap_top_20pct,0.0173,-0.009000000000000001,-0.0277,0.0019,-0.0025,0.004,0.013083117617578525
2024-10-31,-0.018469391286600523,1.018167563294928,75,75,0,0,2023,2024-03-31,gap_top_20pct,-0.01,-0.0086,0.0089,-0.0149,0.0102,0.0039000000000000003,-0.022369391286600523
2024-11-30,0.055376225724268036,1.074549840105076,75,75,0,0,2023,2024-03-31,gap_top_20pct,0.0649,0.04650000000000001,0.0029,-0.0227,-0.019299999999999998,0.004,0.05137622572426803
2024-12-31,-0.046292960033128217,1.0248057473034873,75,75,0,0,2023,2024-03-31,gap_top_20pct,-0.0316,-0.0382,-0.0298,0.018799999999999997,-0.012,0.0037,-0.04999296003312822
2025-01-31,0.036217021761991486,1.0619211593553917,75,75,0,0,2023,2024-03-31,gap_top_20pct,0.027999999999999997,-0.012199999999999999,0.0166,-0.0235,-0.0322,0.0037,0.032517021761991484
2025-02-28,-0.004388829518664927,1.0572605684247178,75,75,0,0,2023,2024-03-31,gap_top_20pct,-0.024300000000000002,-0.048799999999999996,0.048799999999999996,0.010700000000000001,0.030899999999999997,0.0033,-0.007688829518664927
2025-03-31,-0.03642960679452578,1.0187449816376486,75,75,0,0,2023,2024-03-31,gap_top_20pct,-0.0639,-0.0148,0.0294,0.0209,-0.0046,0.0034000000000000002,-0.03982960679452578
2024-04-30,-0.05491960623447656,0.9450803937655223,112,112,0,0,2023,2024-03-31,gap_top_30pct,-0.04650000000000001,-0.0259,-0.005,0.011000000000000001,-0.0034000000000000002,0.004699999999999999,-0.059619606234476555
2024-05-31,0.0337159473183366,0.9769446745333135,112,112,0,0,2023,2024-03-31,gap_top_30pct,0.0432,0.0059,-0.013500000000000002,0.032,-0.0297,0.0044,0.029315947318336602
2024-06-30,-0.008454742060217457,0.9686848593030312,112,112,0,0,2023,2024-03-31,gap_top_30pct,0.027999999999999997,-0.0433,-0.0331,0.0058,-0.018000000000000002,0.0040999999999999995,-0.012554742060217457
2024-07-31,0.04059997532937909,1.0080134406926773,112,112,0,0,2023,2024-03-31,gap_top_30pct,0.012199999999999999,0.0833,0.055999999999999994,0.0026,0.0027,0.0045000000000000005,0.036099975329379086
2024-08-31,0.013159679360742249,1.0212785743635115,112,112,0,0,2023,2024-03-31,gap_top_30pct,0.0161,-0.035699999999999996,-0.011000000000000001,0.0075,0.0079,0.0048,0.00835967936074225
2024-09-30,0.014670727670826222,1.0362614742040483,112,112,0,0,2023,2024-03-31,gap_top_30pct,0.0173,-0.009000000000000001,-0.0277,0.0019,-0.0025,0.004,0.010670727670826222
2024-10-31,-0.0186469557333806,1.0169383523663578,112,112,0,0,2023,2024-03-31,gap_top_30pct,-0.01,-0.0086,0.0089,-0.0149,0.0102,0.0039000000000000003,-0.0225469557333806
2024-11-30,0.051063174182871984,1.068866452586484,112,112,0,0,2023,2024-03-31,gap_top_30pct,0.0649,0.04650000000000001,0.0029,-0.0227,-0.019299999999999998,0.004,0.04706317418287198
2024-12-31,-0.04829785491703198,1.0172424957337793,112,112,0,0,2023,2024-03-31,gap_top_30pct,-0.0316,-0.0382,-0.0298,0.018799999999999997,-0.012,0.0037,-0.05199785491703198
2025-01-31,0.0413646445523288,1.059320369993331,112,112,0,0,2023,2024-03-31,gap_top_30pct,0.027999999999999997,-0.012199999999999999,0.0166,-0.0235,-0.0322,0.0037,0.0376646445523288
2025-02-28,-0.01115856192879261,1.0474998780423288,112,112,0,0,2023,2024-03-31,gap_top_30pct,-0.024300000000000002,-0.048799999999999996,0.048799999999999996,0.010700000000000001,0.030899999999999997,0.0033,-0.01445856192879261
2025-03-31,-0.04525670496790346,1.0000934851078522,112,112,0,0,2023,2024-03-31,gap_top_30pct,-0.0639,-0.0148,0.0294,0.0209,-0.0046,0.0034000000000000002,-0.04865670496790346
2025-04-30,0.00017455611130468007,1.000174556111305,18,18,0,0,2024,2025-03-31,gap_top_5pct,-0.0084,-0.0182,-0.0336,-0.028300000000000002,-0.0259,0.0034999999999999996,-0.0033254438886953196
2025-05-31,0.033646267486065584,1.0338266967589829,18,18,0,0,2024,2025-03-31,gap_top_5pct,0.060599999999999994,-0.0075,-0.0296,0.0129,0.0248,0.0038,0.029846267486065583
2025-06-30,0.0404126839849035,1.0756064083502603,18,18,0,0,2024,2025-03-31,gap_top_5pct,0.048600000000000004,-0.0005,-0.0166,-0.0319,0.0138,0.0034000000000000002,0.0370126839849035
2025-07-31,-0.008891261694349395,1.066042910293499,18,18,0,0,2024,2025-03-31,gap_top_5pct,0.019799999999999998,-0.0013,-0.0132,-0.0026,-0.020099999999999996,0.0034000000000000002,-0.012291261694349395
2025-08-31,0.03574486052860815,1.1041484654394516,18,18,0,0,2024,2025-03-31,gap_top_5pct,0.0184,0.0482,0.0446,-0.0073,0.0196,0.0038,0.03194486052860815
2025-09-30,0.013019149151715315,1.1185235389966453,18,18,0,0,2024,2025-03-31,gap_top_5pct,0.0339,-0.0223,-0.009399999999999999,-0.0216,-0.0229,0.0033,0.009719149151715314
2025-10-31,-0.0063256122505667145,1.1114481927958209,18,18,0,0,2024,2025-03-31,gap_top_5pct,0.0196,-0.016200000000000003,-0.027999999999999997,-0.0581,-0.0405,0.0037,-0.010025612250566715
2025-11-30,0.04681167061770419,1.1634769395056215,18,18,0,0,2024,2025-03-31,gap_top_5pct,-0.0013,0.0163,0.035699999999999996,0.0172,0.0062,0.003,0.04381167061770419
2025-12-31,0.012633228489049797,1.1781754095241364,18,18,0,0,2024,2025-03-31,gap_top_5pct,-0.0036,-0.0017000000000000001,0.0236,0.0039000000000000003,0.004,0.0034000000000000002,0.009233228489049797
2026-01-31,0.0730109130574157,1.2641950719152881,18,18,0,0,2024,2025-03-31,gap_top_5pct,0.0103,0.0321,0.038599999999999995,0.0182,0.0181,0.003,0.07001091305741569
2026-02-28,0.020252040277374928,1.2897976014301755,18,18,0,0,2024,2025-03-31,gap_top_5pct,-0.0118,0.0075,0.0265,0.0191,0.0507,0.0028000000000000004,0.017452040277374927
2026-03-31,-0.08672785823323714,1.17793621790377,18,18,0,0,2024,2025-03-31,gap_top_5pct,-0.0518,0.0066,0.0335,-0.0208,-0.0009,0.0029,-0.08962785823323714
2025-04-30,-0.015097470089017073,0.984902529910982,37,37,0,0,2024,2025-03-31,gap_top_10pct,-0.0084,-0.0182,-0.0336,-0.028300000000000002,-0.0259,0.0034999999999999996,-0.018597470089017073
2025-05-31,0.03822756153932816,1.022552951983394,37,37,0,0,2024,2025-03-31,gap_top_10pct,0.060599999999999994,-0.0075,-0.0296,0.0129,0.0248,0.0038,0.03442756153932816
2025-06-30,0.04699832738586118,1.0706112303900883,37,37,0,0,2024,2025-03-31,gap_top_10pct,0.048600000000000004,-0.0005,-0.0166,-0.0319,0.0138,0.0034000000000000002,0.04359832738586118
2025-07-31,0.011528107522285058,1.0829533517685912,37,37,0,0,2024,2025-03-31,gap_top_10pct,0.019799999999999998,-0.0013,-0.0132,-0.0026,-0.020099999999999996,0.0034000000000000002,0.008128107522285058
2025-08-31,0.052785977890744906,1.1401181034517562,37,37,0,0,2024,2025-03-31,gap_top_10pct,0.0184,0.0482,0.0446,-0.0073,0.0196,0.0038,0.04898597789074491
2025-09-30,0.048638100034469556,1.1955712818185524,37,37,0,0,2024,2025-03-31,gap_top_10pct,0.0339,-0.0223,-0.009399999999999999,-0.0216,-0.0229,0.0033,0.04533810003446956
2025-10-31,0.020488131573028756,1.2200663035453856,37,37,0,0,2024,2025-03-31,gap_top_10pct,0.0196,-0.016200000000000003,-0.027999999999999997,-0.0581,-0.0405,0.0037,0.016788131573028754
2025-11-30,0.041818968317418825,1.2710882176385003,37,37,0,0,2024,2025-03-31,gap_top_10pct,-0.0013,0.0163,0.035699999999999996,0.0172,0.0062,0.003,0.03881896831741882
2025-12-31,0.017803162124723437,1.2937176072519443,37,37,0,0,2024,2025-03-31,gap_top_10pct,-0.0036,-0.0017000000000000001,0.0236,0.0039000000000000003,0.004,0.0034000000000000002,0.014403162124723437
2026-01-31,0.09616915193157571,1.4181333323803111,37,37,0,0,2024,2025-03-31,gap_top_10pct,0.0103,0.0321,0.038599999999999995,0.0182,0.0181,0.003,0.09316915193157571
2026-02-28,0.039294835546817675,1.4738586484596559,37,37,0,0,2024,2025-03-31,gap_top_10pct,-0.0118,0.0075,0.0265,0.0191,0.0507,0.0028000000000000004,0.03649483554681768
2026-03-31,-0.06664170190406771,1.3756381997602753,37,37,0,0,2024,2025-03-31,gap_top_10pct,-0.0518,0.0066,0.0335,-0.0208,-0.0009,0.0029,-0.06954170190406771
2025-04-30,-0.017068656872020194,0.9829313431279784,74,74,0,0,2024,2025-03-31,gap_top_20pct,-0.0084,-0.0182,-0.0336,-0.028300000000000002,-0.0259,0.0034999999999999996,-0.020568656872020193
2025-05-31,0.028328878194433305,1.0107766854209417,74,74,0,0,2024,2025-03-31,gap_top_20pct,0.060599999999999994,-0.0075,-0.0296,0.0129,0.0248,0.0038,0.024528878194433303
2025-06-30,0.053582947765179245,1.064937079758113,74,74,0,0,2024,2025-03-31,gap_top_20pct,0.048600000000000004,-0.0005,-0.0166,-0.0319,0.0138,0.0034000000000000002,0.050182947765179245
2025-07-31,0.017569175887097943,1.0836471466210758,74,74,0,0,2024,2025-03-31,gap_top_20pct,0.019799999999999998,-0.0013,-0.0132,-0.0026,-0.020099999999999996,0.0034000000000000002,0.014169175887097943
2025-08-31,0.04276808092642348,1.1299926554834538,74,74,0,0,2024,2025-03-31,gap_top_20pct,0.0184,0.0482,0.0446,-0.0073,0.0196,0.0038,0.03896808092642348
2025-09-30,0.017741037479458877,1.150039897535899,74,74,0,0,2024,2025-03-31,gap_top_20pct,0.0339,-0.0223,-0.009399999999999999,-0.0216,-0.0229,0.0033,0.014441037479458876
2025-10-31,0.008456687748022329,1.1597654258471277,74,74,0,0,2024,2025-03-31,gap_top_20pct,0.0196,-0.016200000000000003,-0.027999999999999997,-0.0581,-0.0405,0.0037,0.004756687748022329
2025-11-30,0.030649721572009625,1.1953119132381853,74,74,0,0,2024,2025-03-31,gap_top_20pct,-0.0013,0.0163,0.035699999999999996,0.0172,0.0062,0.003,0.027649721572009626
2025-12-31,0.013854004661760122,1.2118717700564445,74,74,0,0,2024,2025-03-31,gap_top_20pct,-0.0036,-0.0017000000000000001,0.0236,0.0039000000000000003,0.004,0.0034000000000000002,0.010454004661760122
2026-01-31,0.07423779115695006,1.3018384534308982,74,74,0,0,2024,2025-03-31,gap_top_20pct,0.0103,0.0321,0.038599999999999995,0.0182,0.0181,0.003,0.07123779115695006
2026-02-28,0.04496848122288699,1.3603801514792377,74,74,0,0,2024,2025-03-31,gap_top_20pct,-0.0118,0.0075,0.0265,0.0191,0.0507,0.0028000000000000004,0.042168481222886994
2026-03-31,-0.06479690183834019,1.2722317323410113,74,74,0,0,2024,2025-03-31,gap_top_20pct,-0.0518,0.0066,0.0335,-0.0208,-0.0009,0.0029,-0.06769690183834019
2025-04-30,-0.02559559805189615,0.9744044019481052,111,111,0,0,2024,2025-03-31,gap_top_30pct,-0.0084,-0.0182,-0.0336,-0.028300000000000002,-0.0259,0.0034999999999999996,-0.02909559805189615
2025-05-31,0.035203081664190394,1.008706439683831,111,111,0,0,2024,2025-03-31,gap_top_30pct,0.060599999999999994,-0.0075,-0.0296,0.0129,0.0248,0.0038,0.031403081664190396
2025-06-30,0.048802273422874576,1.0579336071566956,111,111,0,0,2024,2025-03-31,gap_top_30pct,0.048600000000000004,-0.0005,-0.0166,-0.0319,0.0138,0.0034000000000000002,0.045402273422874576
2025-07-31,0.009842402643835735,1.0683462156887773,111,111,0,0,2024,2025-03-31,gap_top_30pct,0.019799999999999998,-0.0013,-0.0132,-0.0026,-0.020099999999999996,0.0034000000000000002,0.006442402643835735
2025-08-31,0.04193547386124674,1.113147820491556,111,111,0,0,2024,2025-03-31,gap_top_30pct,0.0184,0.0482,0.0446,-0.0073,0.0196,0.0038,0.038135473861246744
2025-09-30,0.018655209504089054,1.133913826291846,111,111,0,0,2024,2025-03-31,gap_top_30pct,0.0339,-0.0223,-0.009399999999999999,-0.0216,-0.0229,0.0033,0.015355209504089053
2025-10-31,0.01695829321355058,1.1531430694370022,111,111,0,0,2024,2025-03-31,gap_top_30pct,0.0196,-0.016200000000000003,-0.027999999999999997,-0.0581,-0.0405,0.0037,0.013258293213550579
2025-11-30,0.027255319908588094,1.1845723526948788,111,111,0,0,2024,2025-03-31,gap_top_30pct,-0.0013,0.0163,0.035699999999999996,0.0172,0.0062,0.003,0.024255319908588095
2025-12-31,0.015950942192376028,1.2034673978154016,111,111,0,0,2024,2025-03-31,gap_top_30pct,-0.0036,-0.0017000000000000001,0.0236,0.0039000000000000003,0.004,0.0034000000000000002,0.012550942192376027
2026-01-31,0.07330700436731563,1.2916899876029773,111,111,0,0,2024,2025-03-31,gap_top_30pct,0.0103,0.0321,0.038599999999999995,0.0182,0.0181,0.003,0.07030700436731563
2026-02-28,0.04005189934819087,1.3434246249755177,111,111,0,0,2024,2025-03-31,gap_top_30pct,-0.0118,0.0075,0.0265,0.0191,0.0507,0.0028000000000000004,0.03725189934819087
2026-03-31,-0.0628209013586164,1.2590294791271945,111,111,0,0,2024,2025-03-31,gap_top_30pct,-0.0518,0.0066,0.0335,-0.0208,-0.0009,0.0029,-0.0657209013586164
