Ticker,FiscalYear,model_type,sector_scope,Sector,MarketCap,m1,m2,m3,SP500MemberYear,SP500AsOfDate,y_actual,score,gap,Strategy,RebalanceDate,buy_date,sell_date,target_sell_date,buy_price,sell_price,position_return,price_status
VRSN,2016,mse,bio_it,Information Technology,8913840052.95639,-0.4725502576464725,0.9884739568473824,0.8936317656949618,2016,2016-12-31,-5.34966664177736,-1.2237469960431848,4.125919645734175,gap_top_5pct,2017-03-31,2017-03-31,2018-03-31,2018-03-31,87.11000061035156,118.55999755859376,0.36103773077582657,normal
LRCX,2016,mse,bio_it,Information Technology,1517822499.999587,0.1058222446717725,1.2747956910075542,1.1590994234653178,2016,2016-12-31,-2.483343144924214,-0.28233241579690593,2.201010729127308,gap_top_5pct,2017-03-31,2017-03-31,2018-03-31,2018-03-31,12.836000442504885,20.31599998474121,0.5827359990941727,normal
VRSN,2016,mse,bio_it,Information Technology,8913840052.95639,-0.4725502576464725,0.9884739568473824,0.8936317656949618,2016,2016-12-31,-5.34966664177736,-1.2237469960431848,4.125919645734175,gap_top_10pct,2017-03-31,2017-03-31,2018-03-31,2018-03-31,87.11000061035156,118.55999755859376,0.36103773077582657,normal
LRCX,2016,mse,bio_it,Information Technology,1517822499.999587,0.1058222446717725,1.2747956910075542,1.1590994234653178,2016,2016-12-31,-2.483343144924214,-0.28233241579690593,2.201010729127308,gap_top_10pct,2017-03-31,2017-03-31,2018-03-31,2018-03-31,12.836000442504885,20.31599998474121,0.5827359990941727,normal
FSLR,2016,mse,bio_it,Information Technology,2819611165.7899,-0.0609795689438266,-1.0404723706939034,0.9519100086432932,2016,2016-12-31,-1.477791014780137,-0.0831481189367149,1.394642895843422,gap_top_10pct,2017-03-31,2017-03-31,2018-03-31,2018-03-31,27.100000381469727,70.9800033569336,1.6191882788853342,normal
AAPL,2016,mse,bio_it,Information Technology,154397122508.17682,0.2842965045183337,1.0893605140277722,1.3000190869181898,2016,2016-12-31,-0.7845198039620721,0.0785568728169288,0.8630766767790009,gap_top_10pct,2017-03-31,2017-03-31,2018-03-31,2018-03-31,35.915000915527344,41.94499969482422,0.16789638383915206,normal
VRSN,2016,mse,bio_it,Information Technology,8913840052.95639,-0.4725502576464725,0.9884739568473824,0.8936317656949618,2016,2016-12-31,-5.34966664177736,-1.2237469960431848,4.125919645734175,gap_top_20pct,2017-03-31,2017-03-31,2018-03-31,2018-03-31,87.11000061035156,118.55999755859376,0.36103773077582657,normal
LRCX,2016,mse,bio_it,Information Technology,1517822499.999587,0.1058222446717725,1.2747956910075542,1.1590994234653178,2016,2016-12-31,-2.483343144924214,-0.28233241579690593,2.201010729127308,gap_top_20pct,2017-03-31,2017-03-31,2018-03-31,2018-03-31,12.836000442504885,20.31599998474121,0.5827359990941727,normal
FSLR,2016,mse,bio_it,Information Technology,2819611165.7899,-0.0609795689438266,-1.0404723706939034,0.9519100086432932,2016,2016-12-31,-1.477791014780137,-0.0831481189367149,1.394642895843422,gap_top_20pct,2017-03-31,2017-03-31,2018-03-31,2018-03-31,27.100000381469727,70.9800033569336,1.6191882788853342,normal
AAPL,2016,mse,bio_it,Information Technology,154397122508.17682,0.2842965045183337,1.0893605140277722,1.3000190869181898,2016,2016-12-31,-0.7845198039620721,0.0785568728169288,0.8630766767790009,gap_top_20pct,2017-03-31,2017-03-31,2018-03-31,2018-03-31,35.915000915527344,41.94499969482422,0.16789638383915206,normal
GEN,2016,mse,bio_it,Information Technology,12509127483.406715,0.2928008410950795,-0.4873454575492339,0.6292458580373469,2016,2016-12-31,-0.3577796784573753,0.3273692694470602,0.6851489479044355,gap_top_20pct,2017-03-31,2017-03-31,2018-03-31,2018-03-31,30.68000030517578,25.850000381469727,-0.15743154744660237,normal
GILD,2016,mse,bio_it,Health Care,88775981454.68903,0.4315560778952613,1.1715099424100013,1.5704365461383445,2016,2016-12-31,-0.25004511244158456,0.35046050249820265,0.6005056149397872,gap_top_20pct,2017-03-31,2017-03-31,2018-03-31,2018-03-31,67.91999816894531,75.38999938964844,0.10998235309315119,normal
APH,2016,mse,bio_it,Information Technology,5474117415.1024475,0.1764685554913831,1.0983750443043006,1.2798535723302196,2016,2016-12-31,-0.5841573777684161,-0.10577211463677891,0.4783852631316372,gap_top_20pct,2017-03-31,2017-03-31,2018-03-31,2018-03-31,17.792499542236328,21.532499313354492,0.21020091990111056,normal
WDC,2016,mse,bio_it,Information Technology,12556633178.71959,0.0148620272921301,1.7383391839334763,1.022563176895307,2016,2016-12-31,-1.0043756597557474,-0.5586343674211216,0.4457412923346258,gap_top_20pct,2017-03-31,2017-03-31,2018-03-31,2018-03-31,62.380950927734375,69.74301147460938,0.11801776724121482,normal
VRSN,2016,mse,bio_it,Information Technology,8913840052.95639,-0.4725502576464725,0.9884739568473824,0.8936317656949618,2016,2016-12-31,-5.34966664177736,-1.2237469960431848,4.125919645734175,gap_top_30pct,2017-03-31,2017-03-31,2018-03-31,2018-03-31,87.11000061035156,118.55999755859376,0.36103773077582657,normal
LRCX,2016,mse,bio_it,Information Technology,1517822499.999587,0.1058222446717725,1.2747956910075542,1.1590994234653178,2016,2016-12-31,-2.483343144924214,-0.28233241579690593,2.201010729127308,gap_top_30pct,2017-03-31,2017-03-31,2018-03-31,2018-03-31,12.836000442504885,20.31599998474121,0.5827359990941727,normal
FSLR,2016,mse,bio_it,Information Technology,2819611165.7899,-0.0609795689438266,-1.0404723706939034,0.9519100086432932,2016,2016-12-31,-1.477791014780137,-0.0831481189367149,1.394642895843422,gap_top_30pct,2017-03-31,2017-03-31,2018-03-31,2018-03-31,27.100000381469727,70.9800033569336,1.6191882788853342,normal
AAPL,2016,mse,bio_it,Information Technology,154397122508.17682,0.2842965045183337,1.0893605140277722,1.3000190869181898,2016,2016-12-31,-0.7845198039620721,0.0785568728169288,0.8630766767790009,gap_top_30pct,2017-03-31,2017-03-31,2018-03-31,2018-03-31,35.915000915527344,41.94499969482422,0.16789638383915206,normal
GEN,2016,mse,bio_it,Information Technology,12509127483.406715,0.2928008410950795,-0.4873454575492339,0.6292458580373469,2016,2016-12-31,-0.3577796784573753,0.3273692694470602,0.6851489479044355,gap_top_30pct,2017-03-31,2017-03-31,2018-03-31,2018-03-31,30.68000030517578,25.850000381469727,-0.15743154744660237,normal
GILD,2016,mse,bio_it,Health Care,88775981454.68903,0.4315560778952613,1.1715099424100013,1.5704365461383445,2016,2016-12-31,-0.25004511244158456,0.35046050249820265,0.6005056149397872,gap_top_30pct,2017-03-31,2017-03-31,2018-03-31,2018-03-31,67.91999816894531,75.38999938964844,0.10998235309315119,normal
APH,2016,mse,bio_it,Information Technology,5474117415.1024475,0.1764685554913831,1.0983750443043006,1.2798535723302196,2016,2016-12-31,-0.5841573777684161,-0.10577211463677891,0.4783852631316372,gap_top_30pct,2017-03-31,2017-03-31,2018-03-31,2018-03-31,17.792499542236328,21.532499313354492,0.21020091990111056,normal
WDC,2016,mse,bio_it,Information Technology,12556633178.71959,0.0148620272921301,1.7383391839334763,1.022563176895307,2016,2016-12-31,-1.0043756597557474,-0.5586343674211216,0.4457412923346258,gap_top_30pct,2017-03-31,2017-03-31,2018-03-31,2018-03-31,62.380950927734375,69.74301147460938,0.11801776724121482,normal
GLW,2016,mse,bio_it,Information Technology,25058524716.0,0.1757479353551956,1.0485298978691588,0.9990737310114858,2016,2016-12-31,-0.5689674285099707,-0.14338218843868866,0.42558524007128207,gap_top_30pct,2017-03-31,2017-03-31,2018-03-31,2018-03-31,27.0,27.8799991607666,0.03259256150987411,normal
NTAP,2016,mse,bio_it,Information Technology,7380112112.042099,0.0320792273482402,0.9725508027500004,0.938651418446856,2016,2016-12-31,-0.7112209319592417,-0.3752271944385307,0.33599373752071104,gap_top_30pct,2017-03-31,2017-03-31,2018-03-31,2018-03-31,41.849998474121094,61.689998626708984,0.4740740950051985,normal
AMGN,2016,mse,bio_it,Health Care,120829814813.31134,0.167834150013744,1.0052037374693692,0.9542941097903032,2016,2016-12-31,-0.32750899433063285,-0.154514618296065,0.17299437603456785,gap_top_30pct,2017-03-31,2017-03-31,2018-03-31,2018-03-31,164.07000732421875,170.47999572753906,0.039068617767862523,normal
HPQ,2016,mse,bio_it,Information Technology,25667038507.38897,0.1885445380991189,-0.3840320670352209,0.3231944368395116,2016,2016-12-31,-0.08239930952998986,0.07987874291805763,0.1622780524480475,gap_top_30pct,2017-03-31,2017-03-31,2018-03-31,2018-03-31,17.8799991607666,21.920000076293945,0.22595084480720584,normal
NVDA,2017,mse,bio_it,Information Technology,1534858209.1540642,0.1622185882931428,1.1344590021380752,1.102218733347794,2017,2017-12-31,-2.859991321285988,-0.0555962676437978,2.80439505364219,gap_top_5pct,2018-03-31,2018-03-31,2019-03-31,2019-03-31,5.789750099182129,4.488999843597412,-0.22466431768246153,normal
VRSN,2017,mse,bio_it,Information Technology,11514609918.24933,-0.4555585411612593,0.9836804321547388,0.8844851513266593,2017,2017-12-31,-5.56436342561588,-2.814851771178043,2.7495116544378364,gap_top_5pct,2018-03-31,2018-03-31,2019-03-31,2019-03-31,118.55999755859376,181.55999755859375,0.5313765291608128,normal
NVDA,2017,mse,bio_it,Information Technology,1534858209.1540642,0.1622185882931428,1.1344590021380752,1.102218733347794,2017,2017-12-31,-2.859991321285988,-0.0555962676437978,2.80439505364219,gap_top_10pct,2018-03-31,2018-03-31,2019-03-31,2019-03-31,5.789750099182129,4.488999843597412,-0.22466431768246153,normal
VRSN,2017,mse,bio_it,Information Technology,11514609918.24933,-0.4555585411612593,0.9836804321547388,0.8844851513266593,2017,2017-12-31,-5.56436342561588,-2.814851771178043,2.7495116544378364,gap_top_10pct,2018-03-31,2018-03-31,2019-03-31,2019-03-31,118.55999755859376,181.55999755859375,0.5313765291608128,normal
LRCX,2017,mse,bio_it,Information Technology,3006061462.645626,0.1716768245592839,1.1728449530800895,1.1720318455865644,2017,2017-12-31,-2.1500155005737085,-0.028978038354358526,2.12103746221935,gap_top_10pct,2018-03-31,2018-03-31,2019-03-31,2019-03-31,20.31599998474121,17.900999069213867,-0.11887187031606539,normal
AAPL,2017,mse,bio_it,Information Technology,217219899455.96313,0.2811925827594873,1.088840466565304,1.2118460078968387,2017,2017-12-31,-0.7254854383454885,0.42792157517820595,1.1534070135236945,gap_top_10pct,2018-03-31,2018-03-31,2019-03-31,2019-03-31,41.94499969482422,47.48749923706055,0.1321373127324219,normal
NVDA,2017,mse,bio_it,Information Technology,1534858209.1540642,0.1622185882931428,1.1344590021380752,1.102218733347794,2017,2017-12-31,-2.859991321285988,-0.0555962676437978,2.80439505364219,gap_top_20pct,2018-03-31,2018-03-31,2019-03-31,2019-03-31,5.789750099182129,4.488999843597412,-0.22466431768246153,normal
VRSN,2017,mse,bio_it,Information Technology,11514609918.24933,-0.4555585411612593,0.9836804321547388,0.8844851513266593,2017,2017-12-31,-5.56436342561588,-2.814851771178043,2.7495116544378364,gap_top_20pct,2018-03-31,2018-03-31,2019-03-31,2019-03-31,118.55999755859376,181.55999755859375,0.5313765291608128,normal
LRCX,2017,mse,bio_it,Information Technology,3006061462.645626,0.1716768245592839,1.1728449530800895,1.1720318455865644,2017,2017-12-31,-2.1500155005737085,-0.028978038354358526,2.12103746221935,gap_top_20pct,2018-03-31,2018-03-31,2019-03-31,2019-03-31,20.31599998474121,17.900999069213867,-0.11887187031606539,normal
AAPL,2017,mse,bio_it,Information Technology,217219899455.96313,0.2811925827594873,1.088840466565304,1.2118460078968387,2017,2017-12-31,-0.7254854383454885,0.42792157517820595,1.1534070135236945,gap_top_20pct,2018-03-31,2018-03-31,2019-03-31,2019-03-31,41.94499969482422,47.48749923706055,0.1321373127324219,normal
APH,2017,mse,bio_it,Information Technology,6577829283.090935,0.1273213393798413,1.091808821991464,1.2508789449924076,2017,2017-12-31,-0.7065156207076664,-0.28414984092008616,0.4223657797875802,gap_top_20pct,2018-03-31,2018-03-31,2019-03-31,2019-03-31,21.532499313354492,23.61000061035156,0.09648212531039513,normal
MU,2017,mse,bio_it,Information Technology,48886488241.46887,0.2139658865699208,1.0872568328433505,1.1465942191351108,2017,2017-12-31,-0.238712228234769,0.14815032775788545,0.38686255599265446,gap_top_20pct,2018-03-31,2018-03-31,2019-03-31,2019-03-31,52.13999938964844,41.33000183105469,-0.2073263844483263,normal
STX,2017,mse,bio_it,Information Technology,9679445664.743942,0.138073263365804,1.026639949932761,0.9308664735317356,2017,2017-12-31,-0.4103887178047223,-0.1290514321539394,0.28133728565078286,gap_top_20pct,2018-03-31,2018-03-31,2019-03-31,2019-03-31,58.52000045776367,47.88999938964844,-0.18164731689958458,normal
WDC,2017,mse,bio_it,Information Technology,19257143653.08426,0.0223850730800415,1.6033389252854195,1.51130389064143,2017,2017-12-31,-0.8768530731841868,-0.7149472224275562,0.16190585075663066,gap_top_20pct,2018-03-31,2018-03-31,2019-03-31,2019-03-31,69.74301147460938,36.32653045654297,-0.4791373402370501,normal
CSCO,2017,mse,bio_it,Information Technology,169109299867.735,0.1056701449598787,1.0786867450491398,0.9614616853013362,2017,2017-12-31,-0.3387810249829868,-0.2729940169973543,0.06578700798563247,gap_top_20pct,2018-03-31,2018-03-31,2019-03-31,2019-03-31,42.88999938964844,53.9900016784668,0.25880164249891235,normal
NVDA,2017,mse,bio_it,Information Technology,1534858209.1540642,0.1622185882931428,1.1344590021380752,1.102218733347794,2017,2017-12-31,-2.859991321285988,-0.0555962676437978,2.80439505364219,gap_top_30pct,2018-03-31,2018-03-31,2019-03-31,2019-03-31,5.789750099182129,4.488999843597412,-0.22466431768246153,normal
VRSN,2017,mse,bio_it,Information Technology,11514609918.24933,-0.4555585411612593,0.9836804321547388,0.8844851513266593,2017,2017-12-31,-5.56436342561588,-2.814851771178043,2.7495116544378364,gap_top_30pct,2018-03-31,2018-03-31,2019-03-31,2019-03-31,118.55999755859376,181.55999755859375,0.5313765291608128,normal
LRCX,2017,mse,bio_it,Information Technology,3006061462.645626,0.1716768245592839,1.1728449530800895,1.1720318455865644,2017,2017-12-31,-2.1500155005737085,-0.028978038354358526,2.12103746221935,gap_top_30pct,2018-03-31,2018-03-31,2019-03-31,2019-03-31,20.31599998474121,17.900999069213867,-0.11887187031606539,normal
AAPL,2017,mse,bio_it,Information Technology,217219899455.96313,0.2811925827594873,1.088840466565304,1.2118460078968387,2017,2017-12-31,-0.7254854383454885,0.42792157517820595,1.1534070135236945,gap_top_30pct,2018-03-31,2018-03-31,2019-03-31,2019-03-31,41.94499969482422,47.48749923706055,0.1321373127324219,normal
APH,2017,mse,bio_it,Information Technology,6577829283.090935,0.1273213393798413,1.091808821991464,1.2508789449924076,2017,2017-12-31,-0.7065156207076664,-0.28414984092008616,0.4223657797875802,gap_top_30pct,2018-03-31,2018-03-31,2019-03-31,2019-03-31,21.532499313354492,23.61000061035156,0.09648212531039513,normal
MU,2017,mse,bio_it,Information Technology,48886488241.46887,0.2139658865699208,1.0872568328433505,1.1465942191351108,2017,2017-12-31,-0.238712228234769,0.14815032775788545,0.38686255599265446,gap_top_30pct,2018-03-31,2018-03-31,2019-03-31,2019-03-31,52.13999938964844,41.33000183105469,-0.2073263844483263,normal
STX,2017,mse,bio_it,Information Technology,9679445664.743942,0.138073263365804,1.026639949932761,0.9308664735317356,2017,2017-12-31,-0.4103887178047223,-0.1290514321539394,0.28133728565078286,gap_top_30pct,2018-03-31,2018-03-31,2019-03-31,2019-03-31,58.52000045776367,47.88999938964844,-0.18164731689958458,normal
WDC,2017,mse,bio_it,Information Technology,19257143653.08426,0.0223850730800415,1.6033389252854195,1.51130389064143,2017,2017-12-31,-0.8768530731841868,-0.7149472224275562,0.16190585075663066,gap_top_30pct,2018-03-31,2018-03-31,2019-03-31,2019-03-31,69.74301147460938,36.32653045654297,-0.4791373402370501,normal
CSCO,2017,mse,bio_it,Information Technology,169109299867.735,0.1056701449598787,1.0786867450491398,0.9614616853013362,2017,2017-12-31,-0.3387810249829868,-0.2729940169973543,0.06578700798563247,gap_top_30pct,2018-03-31,2018-03-31,2019-03-31,2019-03-31,42.88999938964844,53.9900016784668,0.25880164249891235,normal
NTAP,2017,mse,bio_it,Information Technology,11798846007.593596,0.0737523407556603,0.7953382634123161,0.8775666871840269,2017,2017-12-31,-0.42292679167961644,-0.4662236148528379,-0.04329682317322148,gap_top_30pct,2018-03-31,2018-03-31,2019-03-31,2019-03-31,61.689998626708984,69.33999633789062,0.12400709809498256,normal
GILD,2017,mse,bio_it,Health Care,98758470210.04912,0.137551009592101,1.0570827899833914,0.9641310339396802,2017,2017-12-31,-0.04416954752369184,-0.1356834948837612,-0.09151394736006935,gap_top_30pct,2018-03-31,2018-03-31,2019-03-31,2019-03-31,75.38999938964844,65.01000213623047,-0.1376840076595519,normal
HPE,2017,mse,bio_it,Information Technology,26139722920.380905,0.0095500380130547,-1.7588864,0.6363926814202645,2017,2017-12-31,-1.2798336537843964,-1.3958899185579594,-0.11605626477356301,gap_top_30pct,2018-03-31,2018-03-31,2019-03-31,2019-03-31,17.540000915527344,15.43000030517578,-0.12029649374098261,normal
BIIB,2017,mse,bio_it,Health Care,57930096230.05139,0.1259016574720819,1.0953065082189335,1.089174544616094,2017,2017-12-31,-0.06578827506534424,-0.22639743885473337,-0.16060916378938914,gap_top_30pct,2018-03-31,2018-03-31,2019-03-31,2019-03-31,273.82000732421875,236.3800048828125,-0.13673216507176233,normal
LRCX,2018,mse,bio_it,Information Technology,2390488369.302398,0.2385890088542439,1.1258739768430304,1.2136828222782878,2018,2018-12-31,-2.4492249322669624,0.3875028069201759,2.8367277391871384,gap_top_5pct,2019-03-31,2019-03-31,2020-03-31,2020-03-31,17.900999069213867,24.0,0.3407072927720103,normal
VRSN,2018,mse,bio_it,Information Technology,21735445848.167175,-0.5126524781541777,0.9904686124948252,0.9662734389199904,2018,2018-12-31,-5.625493385202519,-2.8336743209788797,2.7918190642236396,gap_top_5pct,2019-03-31,2019-03-31,2020-03-31,2020-03-31,181.55999755859375,180.08999633789062,-0.008096503858063375,normal
LRCX,2018,mse,bio_it,Information Technology,2390488369.302398,0.2385890088542439,1.1258739768430304,1.2136828222782878,2018,2018-12-31,-2.4492249322669624,0.3875028069201759,2.8367277391871384,gap_top_10pct,2019-03-31,2019-03-31,2020-03-31,2020-03-31,17.900999069213867,24.0,0.3407072927720103,normal
VRSN,2018,mse,bio_it,Information Technology,21735445848.167175,-0.5126524781541777,0.9904686124948252,0.9662734389199904,2018,2018-12-31,-5.625493385202519,-2.8336743209788797,2.7918190642236396,gap_top_10pct,2019-03-31,2019-03-31,2020-03-31,2020-03-31,181.55999755859375,180.08999633789062,-0.008096503858063375,normal
NVDA,2018,mse,bio_it,Information Technology,3399567056.1274385,0.2431196741416662,1.1725324877851946,1.2865920907515362,2018,2018-12-31,-2.325034082830372,0.44202710511947163,2.7670611879498437,gap_top_10pct,2019-03-31,2019-03-31,2020-03-31,2020-03-31,4.488999843597412,6.590000152587891,0.4680330546206415,normal
AAPL,2018,mse,bio_it,Information Technology,187134776646.81244,0.3921948254061151,1.0950603094481923,1.263684858432499,2018,2018-12-31,-0.8109878555771036,1.0352504282589488,1.8462382838360525,gap_top_10pct,2019-03-31,2019-03-31,2020-03-31,2020-03-31,47.48749923706055,63.5724983215332,0.3387207021404799,normal
LRCX,2018,mse,bio_it,Information Technology,2390488369.302398,0.2385890088542439,1.1258739768430304,1.2136828222782878,2018,2018-12-31,-2.4492249322669624,0.3875028069201759,2.8367277391871384,gap_top_20pct,2019-03-31,2019-03-31,2020-03-31,2020-03-31,17.900999069213867,24.0,0.3407072927720103,normal
VRSN,2018,mse,bio_it,Information Technology,21735445848.167175,-0.5126524781541777,0.9904686124948252,0.9662734389199904,2018,2018-12-31,-5.625493385202519,-2.8336743209788797,2.7918190642236396,gap_top_20pct,2019-03-31,2019-03-31,2020-03-31,2020-03-31,181.55999755859375,180.08999633789062,-0.008096503858063375,normal
NVDA,2018,mse,bio_it,Information Technology,3399567056.1274385,0.2431196741416662,1.1725324877851946,1.2865920907515362,2018,2018-12-31,-2.325034082830372,0.44202710511947163,2.7670611879498437,gap_top_20pct,2019-03-31,2019-03-31,2020-03-31,2020-03-31,4.488999843597412,6.590000152587891,0.4680330546206415,normal
AAPL,2018,mse,bio_it,Information Technology,187134776646.81244,0.3921948254061151,1.0950603094481923,1.263684858432499,2018,2018-12-31,-0.8109878555771036,1.0352504282589488,1.8462382838360525,gap_top_20pct,2019-03-31,2019-03-31,2020-03-31,2020-03-31,47.48749923706055,63.5724983215332,0.3387207021404799,normal
MU,2018,mse,bio_it,Information Technology,43736888817.66272,0.3706255755713514,1.0454218669957052,1.2351874870519992,2018,2018-12-31,-0.883348262894716,0.9264145990906898,1.8097628619854058,gap_top_20pct,2019-03-31,2019-03-31,2020-03-31,2020-03-31,41.33000183105469,42.060001373291016,0.01766270287672289,normal
ANET,2018,mse,bio_it,Information Technology,1488395604.7791004,0.101670451190171,1.7695625283116332,1.406572270917099,2018,2018-12-31,-1.7942518793353046,0.01137686404206592,1.8056287433773706,gap_top_20pct,2019-03-31,2019-03-31,2020-03-31,2020-03-31,19.653749465942383,12.659375190734863,-0.3558798939270057,normal
APH,2018,mse,bio_it,Information Technology,7037839210.037993,0.2284059519720498,1.0826216158422308,1.1793682990437555,2018,2018-12-31,-0.7321323156097372,0.3246967060036614,1.0568290216133986,gap_top_20pct,2019-03-31,2019-03-31,2020-03-31,2020-03-31,23.61000061035156,18.219999313354492,-0.22829314517822907,normal
WDC,2018,mse,bio_it,Information Technology,12891933064.527676,0.0362799616921908,1.2093666724371483,1.1839770028746406,2018,2018-12-31,-1.387168548810333,-0.4442656103599424,0.9429029384503905,gap_top_20pct,2019-03-31,2019-03-31,2020-03-31,2020-03-31,36.32653045654297,31.458805084228516,-0.13399918217176454,normal
FTNT,2018,mse,bio_it,Information Technology,2865621977.524191,0.1558344534080853,1.7047793719986146,1.2101428349374417,2018,2018-12-31,-0.7244807269865059,0.1498041682399052,0.8742848952264111,gap_top_20pct,2019-03-31,2019-03-31,2020-03-31,2020-03-31,16.79400062561035,20.233999252319336,0.2048349707372934,normal
LRCX,2018,mse,bio_it,Information Technology,2390488369.302398,0.2385890088542439,1.1258739768430304,1.2136828222782878,2018,2018-12-31,-2.4492249322669624,0.3875028069201759,2.8367277391871384,gap_top_30pct,2019-03-31,2019-03-31,2020-03-31,2020-03-31,17.900999069213867,24.0,0.3407072927720103,normal
VRSN,2018,mse,bio_it,Information Technology,21735445848.167175,-0.5126524781541777,0.9904686124948252,0.9662734389199904,2018,2018-12-31,-5.625493385202519,-2.8336743209788797,2.7918190642236396,gap_top_30pct,2019-03-31,2019-03-31,2020-03-31,2020-03-31,181.55999755859375,180.08999633789062,-0.008096503858063375,normal
NVDA,2018,mse,bio_it,Information Technology,3399567056.1274385,0.2431196741416662,1.1725324877851946,1.2865920907515362,2018,2018-12-31,-2.325034082830372,0.44202710511947163,2.7670611879498437,gap_top_30pct,2019-03-31,2019-03-31,2020-03-31,2020-03-31,4.488999843597412,6.590000152587891,0.4680330546206415,normal
AAPL,2018,mse,bio_it,Information Technology,187134776646.81244,0.3921948254061151,1.0950603094481923,1.263684858432499,2018,2018-12-31,-0.8109878555771036,1.0352504282589488,1.8462382838360525,gap_top_30pct,2019-03-31,2019-03-31,2020-03-31,2020-03-31,47.48749923706055,63.5724983215332,0.3387207021404799,normal
MU,2018,mse,bio_it,Information Technology,43736888817.66272,0.3706255755713514,1.0454218669957052,1.2351874870519992,2018,2018-12-31,-0.883348262894716,0.9264145990906898,1.8097628619854058,gap_top_30pct,2019-03-31,2019-03-31,2020-03-31,2020-03-31,41.33000183105469,42.060001373291016,0.01766270287672289,normal
ANET,2018,mse,bio_it,Information Technology,1488395604.7791004,0.101670451190171,1.7695625283116332,1.406572270917099,2018,2018-12-31,-1.7942518793353046,0.01137686404206592,1.8056287433773706,gap_top_30pct,2019-03-31,2019-03-31,2020-03-31,2020-03-31,19.653749465942383,12.659375190734863,-0.3558798939270057,normal
APH,2018,mse,bio_it,Information Technology,7037839210.037993,0.2284059519720498,1.0826216158422308,1.1793682990437555,2018,2018-12-31,-0.7321323156097372,0.3246967060036614,1.0568290216133986,gap_top_30pct,2019-03-31,2019-03-31,2020-03-31,2020-03-31,23.61000061035156,18.219999313354492,-0.22829314517822907,normal
WDC,2018,mse,bio_it,Information Technology,12891933064.527676,0.0362799616921908,1.2093666724371483,1.1839770028746406,2018,2018-12-31,-1.387168548810333,-0.4442656103599424,0.9429029384503905,gap_top_30pct,2019-03-31,2019-03-31,2020-03-31,2020-03-31,36.32653045654297,31.458805084228516,-0.13399918217176454,normal
FTNT,2018,mse,bio_it,Information Technology,2865621977.524191,0.1558344534080853,1.7047793719986146,1.2101428349374417,2018,2018-12-31,-0.7244807269865059,0.1498041682399052,0.8742848952264111,gap_top_30pct,2019-03-31,2019-03-31,2020-03-31,2020-03-31,16.79400062561035,20.233999252319336,0.2048349707372934,normal
BIIB,2018,mse,bio_it,Health Care,46498023322.41211,0.2077193410698752,1.125003535240945,1.197751450318254,2018,2018-12-31,-0.5530814522816161,0.25383681689598825,0.8069182691776043,gap_top_30pct,2019-03-31,2019-03-31,2020-03-31,2020-03-31,236.3800048828125,316.3800048828125,0.3384381011399873,normal
HPE,2018,mse,bio_it,Information Technology,21805396859.17139,0.0582257348780043,0.4484479655543595,0.8171538632879548,2018,2018-12-31,-1.427649112679757,-0.6296622651848324,0.7979868474949247,gap_top_30pct,2019-03-31,2019-03-31,2020-03-31,2020-03-31,15.43000030517578,9.710000038146973,-0.3707064260465447,normal
HPQ,2018,mse,bio_it,Information Technology,34223485055.910027,0.3888900683870188,0.3134121629039471,0.6012922204128802,2018,2018-12-31,-0.1046578970586356,0.6310799761936857,0.7357378732523213,gap_top_30pct,2019-03-31,2019-03-31,2020-03-31,2020-03-31,19.43000030517578,17.360000610351562,-0.10653626671703198,normal
ABBV,2018,mse,bio_it,Health Care,118876974991.34283,0.3495035642576394,2.026952466952217,1.9325017325017324,2018,2018-12-31,0.6562985097791783,1.2791780416264749,0.6228795318472966,gap_top_30pct,2019-03-31,2019-03-31,2020-03-31,2020-03-31,80.58999633789062,76.19000244140625,-0.05459727132926606,normal
GILD,2018,mse,bio_it,Health Care,82920944100.36452,0.1495820519115052,1.228973049784882,1.132076842067037,2018,2018-12-31,-0.5109213780408038,0.007998888564582834,0.5189202666053867,gap_top_30pct,2019-03-31,2019-03-31,2020-03-31,2020-03-31,65.01000213623047,74.76000213623047,0.1499769216984268,normal
NVDA,2019,mse,bio_it,Information Technology,2742150057.7926636,0.268777632638653,1.2636344956571026,1.4437003834314417,2019,2019-12-31,-2.731551288662966,0.49375367506432777,3.225304963727294,gap_top_5pct,2020-03-31,2020-03-31,2021-03-31,2021-03-31,6.590000152587891,13.34825038909912,1.0255311198827917,normal
VRSN,2019,mse,bio_it,Information Technology,20965670010.08551,-0.4905032855521848,0.9907510999524284,0.9696237845041372,2019,2019-12-31,-5.61065558969715,-2.4074053940754756,3.2032501956216746,gap_top_5pct,2020-03-31,2020-03-31,2021-03-31,2021-03-31,180.08999633789062,198.7599945068359,0.10367037896939069,normal
NVDA,2019,mse,bio_it,Information Technology,2742150057.7926636,0.268777632638653,1.2636344956571026,1.4437003834314417,2019,2019-12-31,-2.731551288662966,0.49375367506432777,3.225304963727294,gap_top_10pct,2020-03-31,2020-03-31,2021-03-31,2021-03-31,6.590000152587891,13.34825038909912,1.0255311198827917,normal
VRSN,2019,mse,bio_it,Information Technology,20965670010.08551,-0.4905032855521848,0.9907510999524284,0.9696237845041372,2019,2019-12-31,-5.61065558969715,-2.4074053940754756,3.2032501956216746,gap_top_10pct,2020-03-31,2020-03-31,2021-03-31,2021-03-31,180.08999633789062,198.7599945068359,0.10367037896939069,normal
ANET,2019,mse,bio_it,Information Technology,968179228.89038,0.2073068839877979,1.210059021072519,1.177846965155424,2019,2019-12-31,-2.4604009581233903,0.17426825446750513,2.6346692125908953,gap_top_10pct,2020-03-31,2020-03-31,2021-03-31,2021-03-31,12.659375190734863,18.868125915527344,0.49044685312246195,normal
LRCX,2019,mse,bio_it,Information Technology,3340302125.599594,0.2607281213586308,1.1034018242241106,1.0572803253128231,2019,2019-12-31,-1.9282555380231796,0.3047042355841949,2.2329597736073747,gap_top_10pct,2020-03-31,2020-03-31,2021-03-31,2021-03-31,24.0,59.52399826049805,1.4801665941874185,normal
APH,2019,mse,bio_it,Information Technology,5431402839.410181,0.1957877580007566,1.0680897051149048,1.0883077623868975,2019,2019-12-31,-1.0881123711233789,0.07975605925237839,1.1678684303757572,gap_top_10pct,2020-03-31,2020-03-31,2021-03-31,2021-03-31,18.219999313354492,32.98500061035156,0.8103733179712551,normal
NVDA,2019,mse,bio_it,Information Technology,2742150057.7926636,0.268777632638653,1.2636344956571026,1.4437003834314417,2019,2019-12-31,-2.731551288662966,0.49375367506432777,3.225304963727294,gap_top_20pct,2020-03-31,2020-03-31,2021-03-31,2021-03-31,6.590000152587891,13.34825038909912,1.0255311198827917,normal
VRSN,2019,mse,bio_it,Information Technology,20965670010.08551,-0.4905032855521848,0.9907510999524284,0.9696237845041372,2019,2019-12-31,-5.61065558969715,-2.4074053940754756,3.2032501956216746,gap_top_20pct,2020-03-31,2020-03-31,2021-03-31,2021-03-31,180.08999633789062,198.7599945068359,0.10367037896939069,normal
ANET,2019,mse,bio_it,Information Technology,968179228.89038,0.2073068839877979,1.210059021072519,1.177846965155424,2019,2019-12-31,-2.4604009581233903,0.17426825446750513,2.6346692125908953,gap_top_20pct,2020-03-31,2020-03-31,2021-03-31,2021-03-31,12.659375190734863,18.868125915527344,0.49044685312246195,normal
LRCX,2019,mse,bio_it,Information Technology,3340302125.599594,0.2607281213586308,1.1034018242241106,1.0572803253128231,2019,2019-12-31,-1.9282555380231796,0.3047042355841949,2.2329597736073747,gap_top_20pct,2020-03-31,2020-03-31,2021-03-31,2021-03-31,24.0,59.52399826049805,1.4801665941874185,normal
APH,2019,mse,bio_it,Information Technology,5431402839.410181,0.1957877580007566,1.0680897051149048,1.0883077623868975,2019,2019-12-31,-1.0881123711233789,0.07975605925237839,1.1678684303757572,gap_top_20pct,2020-03-31,2020-03-31,2021-03-31,2021-03-31,18.219999313354492,32.98500061035156,0.8103733179712551,normal
AAPL,2019,mse,bio_it,Information Technology,326191185032.61566,0.3888833563815133,1.1088459643188304,1.2252166250550742,2019,2019-12-31,-0.1744545042621395,0.8187837193183405,0.99323822358048,gap_top_20pct,2020-03-31,2020-03-31,2021-03-31,2021-03-31,63.5724983215332,122.1500015258789,0.9214283652669413,normal
HPE,2019,mse,bio_it,Information Technology,18010458084.059666,0.0372815922184828,0.6147526957613819,1.0855046592751512,2019,2019-12-31,-1.4516257196284674,-0.5544973301596178,0.8971283894688497,gap_top_20pct,2020-03-31,2020-03-31,2021-03-31,2021-03-31,9.710000038146973,15.739999771118164,0.6210092388549504,normal
WDC,2019,mse,bio_it,Information Technology,13343666656.415462,-0.0436244414435541,3.788242532384609,0.9016513889860752,2019,2019-12-31,-1.2642183303423882,-0.40704385986611247,0.8571744704762757,gap_top_20pct,2020-03-31,2020-03-31,2021-03-31,2021-03-31,31.458805084228516,50.453514099121094,0.6037962651167366,normal
NOW,2019,mse,bio_it,Information Technology,10878577159.11865,0.1388882535872266,5.0,1.557623458772931,2019,2019-12-31,-0.12548503377769538,0.6602620423750531,0.7857470761527485,gap_top_20pct,2020-03-31,2020-03-31,2021-03-31,2021-03-31,57.31600189208984,100.02200317382812,0.7450973527801514,normal
MU,2019,mse,bio_it,Information Technology,52595982742.581955,0.1485816330738804,1.1034716875544353,1.2147660092964483,2019,2019-12-31,-0.7920774140922385,-0.03778010404833365,0.7542973100439049,gap_top_20pct,2020-03-31,2020-03-31,2021-03-31,2021-03-31,42.060001373291016,88.20999908447266,1.0972419449441069,normal
NVDA,2019,mse,bio_it,Information Technology,2742150057.7926636,0.268777632638653,1.2636344956571026,1.4437003834314417,2019,2019-12-31,-2.731551288662966,0.49375367506432777,3.225304963727294,gap_top_30pct,2020-03-31,2020-03-31,2021-03-31,2021-03-31,6.590000152587891,13.34825038909912,1.0255311198827917,normal
VRSN,2019,mse,bio_it,Information Technology,20965670010.08551,-0.4905032855521848,0.9907510999524284,0.9696237845041372,2019,2019-12-31,-5.61065558969715,-2.4074053940754756,3.2032501956216746,gap_top_30pct,2020-03-31,2020-03-31,2021-03-31,2021-03-31,180.08999633789062,198.7599945068359,0.10367037896939069,normal
ANET,2019,mse,bio_it,Information Technology,968179228.89038,0.2073068839877979,1.210059021072519,1.177846965155424,2019,2019-12-31,-2.4604009581233903,0.17426825446750513,2.6346692125908953,gap_top_30pct,2020-03-31,2020-03-31,2021-03-31,2021-03-31,12.659375190734863,18.868125915527344,0.49044685312246195,normal
LRCX,2019,mse,bio_it,Information Technology,3340302125.599594,0.2607281213586308,1.1034018242241106,1.0572803253128231,2019,2019-12-31,-1.9282555380231796,0.3047042355841949,2.2329597736073747,gap_top_30pct,2020-03-31,2020-03-31,2021-03-31,2021-03-31,24.0,59.52399826049805,1.4801665941874185,normal
APH,2019,mse,bio_it,Information Technology,5431402839.410181,0.1957877580007566,1.0680897051149048,1.0883077623868975,2019,2019-12-31,-1.0881123711233789,0.07975605925237839,1.1678684303757572,gap_top_30pct,2020-03-31,2020-03-31,2021-03-31,2021-03-31,18.219999313354492,32.98500061035156,0.8103733179712551,normal
AAPL,2019,mse,bio_it,Information Technology,326191185032.61566,0.3888833563815133,1.1088459643188304,1.2252166250550742,2019,2019-12-31,-0.1744545042621395,0.8187837193183405,0.99323822358048,gap_top_30pct,2020-03-31,2020-03-31,2021-03-31,2021-03-31,63.5724983215332,122.1500015258789,0.9214283652669413,normal
HPE,2019,mse,bio_it,Information Technology,18010458084.059666,0.0372815922184828,0.6147526957613819,1.0855046592751512,2019,2019-12-31,-1.4516257196284674,-0.5544973301596178,0.8971283894688497,gap_top_30pct,2020-03-31,2020-03-31,2021-03-31,2021-03-31,9.710000038146973,15.739999771118164,0.6210092388549504,normal
WDC,2019,mse,bio_it,Information Technology,13343666656.415462,-0.0436244414435541,3.788242532384609,0.9016513889860752,2019,2019-12-31,-1.2642183303423882,-0.40704385986611247,0.8571744704762757,gap_top_30pct,2020-03-31,2020-03-31,2021-03-31,2021-03-31,31.458805084228516,50.453514099121094,0.6037962651167366,normal
NOW,2019,mse,bio_it,Information Technology,10878577159.11865,0.1388882535872266,5.0,1.557623458772931,2019,2019-12-31,-0.12548503377769538,0.6602620423750531,0.7857470761527485,gap_top_30pct,2020-03-31,2020-03-31,2021-03-31,2021-03-31,57.31600189208984,100.02200317382812,0.7450973527801514,normal
MU,2019,mse,bio_it,Information Technology,52595982742.581955,0.1485816330738804,1.1034716875544353,1.2147660092964483,2019,2019-12-31,-0.7920774140922385,-0.03778010404833365,0.7542973100439049,gap_top_30pct,2020-03-31,2020-03-31,2021-03-31,2021-03-31,42.060001373291016,88.20999908447266,1.0972419449441069,normal
FTNT,2019,mse,bio_it,Information Technology,3490662755.962078,0.1242149497699258,1.5376487606165763,1.233557875810538,2019,2019-12-31,-0.721810202044812,-0.04936700373544066,0.6724431983093714,gap_top_30pct,2020-03-31,2020-03-31,2021-03-31,2021-03-31,20.233999252319336,36.88399887084961,0.8228724045555036,normal
GLW,2019,mse,bio_it,Information Technology,15684925282.762558,0.0579484090509393,1.11528674024724,1.0570320704418774,2019,2019-12-31,-1.0601654945649857,-0.41252919924249387,0.6476362953224918,gap_top_30pct,2020-03-31,2020-03-31,2021-03-31,2021-03-31,20.540000915527344,43.5099983215332,1.1183055687520222,normal
STX,2019,mse,bio_it,Information Technology,14471541733.241432,0.3360677765429547,0.8641832158003743,0.8640545928538568,2019,2019-12-31,-0.12287299756582504,0.466580506091937,0.5894535036577621,gap_top_30pct,2020-03-31,2020-03-31,2021-03-31,2021-03-31,48.79999923706055,76.75,0.5727459262276622,normal
GILD,2019,mse,bio_it,Health Care,94469479101.97913,0.1251110432553534,2.2697639224441666,1.87210075277124,2019,2019-12-31,-0.24311692627891468,0.2924847152783441,0.5356016415572588,gap_top_30pct,2020-03-31,2020-03-31,2021-03-31,2021-03-31,74.76000213623047,64.62999725341797,-0.1355003289640525,normal
MCHP,2019,mse,bio_it,Information Technology,10314113758.75296,0.047900451239318,1.6773094416783818,1.5162410655226497,2019,2019-12-31,-0.6774970462922083,-0.19901685125444776,0.4784801950377605,gap_top_30pct,2020-03-31,2020-03-31,2021-03-31,2021-03-31,33.900001525878906,77.61000061035156,1.2893804459302132,normal
VRSN,2020,mse,bio_it,Information Technology,22478674323.113014,-0.7132566826427916,1.007178494089919,1.1266442936257866,2020,2020-12-31,-5.858245938149238,-2.9730783761637833,2.885167561985455,gap_top_5pct,2021-03-31,2021-03-31,2022-03-31,2022-03-31,198.7599945068359,222.4600067138672,0.11923934826943339,normal
NVDA,2020,mse,bio_it,Information Technology,4471884098.0529785,0.1439433521969274,1.406015448486066,1.3391448205650294,2020,2020-12-31,-2.721791202591538,-0.0011127912034767928,2.720678411388061,gap_top_5pct,2021-03-31,2021-03-31,2022-03-31,2022-03-31,13.34825038909912,27.285999298095703,1.0441629803692387,normal
VRSN,2020,mse,bio_it,Information Technology,22478674323.113014,-0.7132566826427916,1.007178494089919,1.1266442936257866,2020,2020-12-31,-5.858245938149238,-2.9730783761637833,2.885167561985455,gap_top_10pct,2021-03-31,2021-03-31,2022-03-31,2022-03-31,198.7599945068359,222.4600067138672,0.11923934826943339,normal
NVDA,2020,mse,bio_it,Information Technology,4471884098.0529785,0.1439433521969274,1.406015448486066,1.3391448205650294,2020,2020-12-31,-2.721791202591538,-0.0011127912034767928,2.720678411388061,gap_top_10pct,2021-03-31,2021-03-31,2022-03-31,2022-03-31,13.34825038909912,27.285999298095703,1.0441629803692387,normal
GEN,2020,mse,bio_it,Information Technology,12634666343.243244,1.1252031832617893,-1.5157905308656583,0.3852154000286246,2020,2020-12-31,0.043694555811641944,2.5672525429833573,2.5235579871717153,gap_top_10pct,2021-03-31,2021-03-31,2022-03-31,2022-03-31,21.260000228881836,26.520000457763672,0.24741299022829244,normal
ANET,2020,mse,bio_it,Information Technology,1440233730.6942673,0.1345746288239127,1.2027729166632524,1.0831423042085953,2020,2020-12-31,-2.4390785500896666,-0.16295446536767666,2.2761240847219897,gap_top_10pct,2021-03-31,2021-03-31,2022-03-31,2022-03-31,18.868125915527344,34.744998931884766,0.8414652884678759,normal
LRCX,2020,mse,bio_it,Information Technology,4831116728.2717705,0.246644840323736,1.084474585614706,1.033362482340928,2020,2020-12-31,-1.8895129990583344,0.17601693312098848,2.065529932179323,gap_top_10pct,2021-03-31,2021-03-31,2022-03-31,2022-03-31,59.52399826049805,53.76100158691406,-0.09681803712786685,normal
VRSN,2020,mse,bio_it,Information Technology,22478674323.113014,-0.7132566826427916,1.007178494089919,1.1266442936257866,2020,2020-12-31,-5.858245938149238,-2.9730783761637833,2.885167561985455,gap_top_20pct,2021-03-31,2021-03-31,2022-03-31,2022-03-31,198.7599945068359,222.4600067138672,0.11923934826943339,normal
NVDA,2020,mse,bio_it,Information Technology,4471884098.0529785,0.1439433521969274,1.406015448486066,1.3391448205650294,2020,2020-12-31,-2.721791202591538,-0.0011127912034767928,2.720678411388061,gap_top_20pct,2021-03-31,2021-03-31,2022-03-31,2022-03-31,13.34825038909912,27.285999298095703,1.0441629803692387,normal
GEN,2020,mse,bio_it,Information Technology,12634666343.243244,1.1252031832617893,-1.5157905308656583,0.3852154000286246,2020,2020-12-31,0.043694555811641944,2.5672525429833573,2.5235579871717153,gap_top_20pct,2021-03-31,2021-03-31,2022-03-31,2022-03-31,21.260000228881836,26.520000457763672,0.24741299022829244,normal
ANET,2020,mse,bio_it,Information Technology,1440233730.6942673,0.1345746288239127,1.2027729166632524,1.0831423042085953,2020,2020-12-31,-2.4390785500896666,-0.16295446536767666,2.2761240847219897,gap_top_20pct,2021-03-31,2021-03-31,2022-03-31,2022-03-31,18.868125915527344,34.744998931884766,0.8414652884678759,normal
LRCX,2020,mse,bio_it,Information Technology,4831116728.2717705,0.246644840323736,1.084474585614706,1.033362482340928,2020,2020-12-31,-1.8895129990583344,0.17601693312098848,2.065529932179323,gap_top_20pct,2021-03-31,2021-03-31,2022-03-31,2022-03-31,59.52399826049805,53.76100158691406,-0.09681803712786685,normal
AVGO,2020,mse,bio_it,Information Technology,19110229076.87561,0.0769452830394543,1.2722503736920778,1.1940603647710766,2020,2020-12-31,-1.9527019946476898,-0.29908409427162436,1.6536179003760654,gap_top_20pct,2021-03-31,2021-03-31,2022-03-31,2022-03-31,46.36600112915039,62.96799850463867,0.35806403336885073,normal
WDC,2020,mse,bio_it,Information Technology,8627587237.517698,-0.0146539766103549,1.5741094245155192,0.9621332349141908,2020,2020-12-31,-1.9348600429110756,-0.6768241448144257,1.25803589809665,gap_top_20pct,2021-03-31,2021-03-31,2022-03-31,2022-03-31,50.453514099121094,37.528343200683594,-0.25617979498999177,normal
APH,2020,mse,bio_it,Information Technology,9881537995.182114,0.1752425596826655,1.06909672232042,1.0923750688825082,2020,2020-12-31,-0.8891426782089737,-0.03629090962455449,0.8528517685844192,gap_top_20pct,2021-03-31,2021-03-31,2022-03-31,2022-03-31,32.98500061035156,37.67499923706055,0.14218579778461904,normal
HPE,2020,mse,bio_it,Information Technology,15961787852.772408,-0.0120570030131354,-2.1603021092765933,1.0139916671848763,2020,2020-12-31,-1.7677840370646545,-0.9871870863758423,0.7805969506888122,gap_top_20pct,2021-03-31,2021-03-31,2022-03-31,2022-03-31,15.739999771118164,16.709999084472656,0.06162638675093102,normal
MCHP,2020,mse,bio_it,Information Technology,12917982330.056854,0.0704292276746244,1.5775883633254235,1.274429573727964,2020,2020-12-31,-0.786535528346362,-0.2575344400569043,0.5290010882894577,gap_top_20pct,2021-03-31,2021-03-31,2022-03-31,2022-03-31,77.61000061035156,75.13999938964844,-0.03182581112328553,normal
FTNT,2020,mse,bio_it,Information Technology,6019133672.12891,0.2040179279616299,1.435858088155004,1.2818941181020147,2020,2020-12-31,-0.3312640108156224,0.17572955280893926,0.5069935636245617,gap_top_20pct,2021-03-31,2021-03-31,2022-03-31,2022-03-31,36.88399887084961,68.3479995727539,0.8530528593734212,normal
VRSN,2020,mse,bio_it,Information Technology,22478674323.113014,-0.7132566826427916,1.007178494089919,1.1266442936257866,2020,2020-12-31,-5.858245938149238,-2.9730783761637833,2.885167561985455,gap_top_30pct,2021-03-31,2021-03-31,2022-03-31,2022-03-31,198.7599945068359,222.4600067138672,0.11923934826943339,normal
NVDA,2020,mse,bio_it,Information Technology,4471884098.0529785,0.1439433521969274,1.406015448486066,1.3391448205650294,2020,2020-12-31,-2.721791202591538,-0.0011127912034767928,2.720678411388061,gap_top_30pct,2021-03-31,2021-03-31,2022-03-31,2022-03-31,13.34825038909912,27.285999298095703,1.0441629803692387,normal
GEN,2020,mse,bio_it,Information Technology,12634666343.243244,1.1252031832617893,-1.5157905308656583,0.3852154000286246,2020,2020-12-31,0.043694555811641944,2.5672525429833573,2.5235579871717153,gap_top_30pct,2021-03-31,2021-03-31,2022-03-31,2022-03-31,21.260000228881836,26.520000457763672,0.24741299022829244,normal
ANET,2020,mse,bio_it,Information Technology,1440233730.6942673,0.1345746288239127,1.2027729166632524,1.0831423042085953,2020,2020-12-31,-2.4390785500896666,-0.16295446536767666,2.2761240847219897,gap_top_30pct,2021-03-31,2021-03-31,2022-03-31,2022-03-31,18.868125915527344,34.744998931884766,0.8414652884678759,normal
LRCX,2020,mse,bio_it,Information Technology,4831116728.2717705,0.246644840323736,1.084474585614706,1.033362482340928,2020,2020-12-31,-1.8895129990583344,0.17601693312098848,2.065529932179323,gap_top_30pct,2021-03-31,2021-03-31,2022-03-31,2022-03-31,59.52399826049805,53.76100158691406,-0.09681803712786685,normal
AVGO,2020,mse,bio_it,Information Technology,19110229076.87561,0.0769452830394543,1.2722503736920778,1.1940603647710766,2020,2020-12-31,-1.9527019946476898,-0.29908409427162436,1.6536179003760654,gap_top_30pct,2021-03-31,2021-03-31,2022-03-31,2022-03-31,46.36600112915039,62.96799850463867,0.35806403336885073,normal
WDC,2020,mse,bio_it,Information Technology,8627587237.517698,-0.0146539766103549,1.5741094245155192,0.9621332349141908,2020,2020-12-31,-1.9348600429110756,-0.6768241448144257,1.25803589809665,gap_top_30pct,2021-03-31,2021-03-31,2022-03-31,2022-03-31,50.453514099121094,37.528343200683594,-0.25617979498999177,normal
APH,2020,mse,bio_it,Information Technology,9881537995.182114,0.1752425596826655,1.06909672232042,1.0923750688825082,2020,2020-12-31,-0.8891426782089737,-0.03629090962455449,0.8528517685844192,gap_top_30pct,2021-03-31,2021-03-31,2022-03-31,2022-03-31,32.98500061035156,37.67499923706055,0.14218579778461904,normal
HPE,2020,mse,bio_it,Information Technology,15961787852.772408,-0.0120570030131354,-2.1603021092765933,1.0139916671848763,2020,2020-12-31,-1.7677840370646545,-0.9871870863758423,0.7805969506888122,gap_top_30pct,2021-03-31,2021-03-31,2022-03-31,2022-03-31,15.739999771118164,16.709999084472656,0.06162638675093102,normal
MCHP,2020,mse,bio_it,Information Technology,12917982330.056854,0.0704292276746244,1.5775883633254235,1.274429573727964,2020,2020-12-31,-0.786535528346362,-0.2575344400569043,0.5290010882894577,gap_top_30pct,2021-03-31,2021-03-31,2022-03-31,2022-03-31,77.61000061035156,75.13999938964844,-0.03182581112328553,normal
FTNT,2020,mse,bio_it,Information Technology,6019133672.12891,0.2040179279616299,1.435858088155004,1.2818941181020147,2020,2020-12-31,-0.3312640108156224,0.17572955280893926,0.5069935636245617,gap_top_30pct,2021-03-31,2021-03-31,2022-03-31,2022-03-31,36.88399887084961,68.3479995727539,0.8530528593734212,normal
BIIB,2020,mse,bio_it,Health Care,42615920747.25,0.1889791810903767,1.4222983698225404,1.5243245849472042,2020,2020-12-31,-0.25995403681673324,0.23085485972539022,0.49080889654212345,gap_top_30pct,2021-03-31,2021-03-31,2022-03-31,2022-03-31,279.75,210.6000061035156,-0.24718496477742413,normal
INTC,2020,mse,bio_it,Information Technology,260032000000.0,0.16492872406795,1.0212097186699989,1.0014622258326564,2020,2020-12-31,-0.5342142364875418,-0.11470956458447426,0.4195046719030676,gap_top_30pct,2021-03-31,2021-03-31,2022-03-31,2022-03-31,64.0,49.560001373291016,-0.22562497854232788,normal
NTAP,2020,mse,bio_it,Information Technology,9826461920.767591,0.1915535154799458,0.9864529727078531,1.007312057277782,2020,2020-12-31,-0.42091366953702003,-0.027042356402287276,0.3938713131347328,gap_top_30pct,2021-03-31,2021-03-31,2022-03-31,2022-03-31,72.66999816894531,83.0,0.14214947146467782,normal
STX,2020,mse,bio_it,Information Technology,12311810381.668976,0.1837288459041381,0.8866823815921193,0.9604996769330174,2020,2020-12-31,-0.44080304995944275,-0.08262992432376982,0.35817312563567294,gap_top_30pct,2021-03-31,2021-03-31,2022-03-31,2022-03-31,76.75,89.9000015258789,0.17133552476715197,normal
HPQ,2020,mse,bio_it,Information Technology,31389748030.862885,0.30776027766102,0.6400336469629385,0.9880256569141364,2020,2020-12-31,-0.03024003867036895,0.3181343462582955,0.34837438492866446,gap_top_30pct,2021-03-31,2021-03-31,2022-03-31,2022-03-31,31.75,36.29999923706055,0.14330706258458425,normal
VRSN,2021,mse,bio_it,Information Technology,24507848997.129547,-0.7832150491855331,1.0123997837397445,1.1525200913870737,2021,2021-12-31,-5.983627831175823,-3.545473727366531,2.4381541038092918,gap_top_5pct,2022-03-31,2022-03-31,2023-03-31,2023-03-31,222.4600067138672,211.3300018310547,-0.05003148677024072,normal
NVDA,2021,mse,bio_it,Information Technology,9305889720.91675,0.1651128178095873,1.4685124398680938,1.5457445713697644,2021,2021-12-31,-2.4149657657224717,-0.010437520019029478,2.404528245703442,gap_top_5pct,2022-03-31,2022-03-31,2023-03-31,2023-03-31,27.285999298095703,27.777000427246097,0.0179946178179613,normal
LRCX,2021,mse,bio_it,Information Technology,8079293884.0774765,0.3750639787235434,1.097399449243582,1.218782764872021,2021,2021-12-31,-1.6329547475025723,0.6206539107045292,2.2536086582071015,gap_top_5pct,2022-03-31,2022-03-31,2023-03-31,2023-03-31,53.76100158691406,53.012001037597656,-0.013932042320779936,normal
VRSN,2021,mse,bio_it,Information Technology,24507848997.129547,-0.7832150491855331,1.0123997837397445,1.1525200913870737,2021,2021-12-31,-5.983627831175823,-3.545473727366531,2.4381541038092918,gap_top_10pct,2022-03-31,2022-03-31,2023-03-31,2023-03-31,222.4600067138672,211.3300018310547,-0.05003148677024072,normal
NVDA,2021,mse,bio_it,Information Technology,9305889720.91675,0.1651128178095873,1.4685124398680938,1.5457445713697644,2021,2021-12-31,-2.4149657657224717,-0.010437520019029478,2.404528245703442,gap_top_10pct,2022-03-31,2022-03-31,2023-03-31,2023-03-31,27.285999298095703,27.777000427246097,0.0179946178179613,normal
LRCX,2021,mse,bio_it,Information Technology,8079293884.0774765,0.3750639787235434,1.097399449243582,1.218782764872021,2021,2021-12-31,-1.6329547475025723,0.6206539107045292,2.2536086582071015,gap_top_10pct,2022-03-31,2022-03-31,2023-03-31,2023-03-31,53.76100158691406,53.012001037597656,-0.013932042320779936,normal
AVGO,2021,mse,bio_it,Information Technology,24189460553.780457,0.1684055593698793,1.0518587522009626,0.977596400550329,2021,2021-12-31,-1.8813870629691638,-0.15862819836717393,1.7227588646019898,gap_top_10pct,2022-03-31,2022-03-31,2023-03-31,2023-03-31,62.96799850463867,64.15399932861328,0.01883497732403283,normal
MRNA,2021,mse,bio_it,Health Care,69398898355.31259,0.6801846401193797,1.1020392866922384,2.2096977726285307,2021,2021-12-31,0.18996705032830352,1.8403300891847942,1.6503630388564907,gap_top_10pct,2022-03-31,2022-03-31,2023-03-31,2023-03-31,172.25999450683594,153.5800018310547,-0.10844069007003221,normal
HPQ,2021,mse,bio_it,Information Technology,39768399096.43895,0.6729444254383865,0.9706796766270116,1.1979469236862952,2021,2021-12-31,0.03625882018019344,1.6563395565122865,1.620080736332093,gap_top_10pct,2022-03-31,2022-03-31,2023-03-31,2023-03-31,36.29999923706055,29.350000381469727,-0.19146002759402836,normal
VRSN,2021,mse,bio_it,Information Technology,24507848997.129547,-0.7832150491855331,1.0123997837397445,1.1525200913870737,2021,2021-12-31,-5.983627831175823,-3.545473727366531,2.4381541038092918,gap_top_20pct,2022-03-31,2022-03-31,2023-03-31,2023-03-31,222.4600067138672,211.3300018310547,-0.05003148677024072,normal
NVDA,2021,mse,bio_it,Information Technology,9305889720.91675,0.1651128178095873,1.4685124398680938,1.5457445713697644,2021,2021-12-31,-2.4149657657224717,-0.010437520019029478,2.404528245703442,gap_top_20pct,2022-03-31,2022-03-31,2023-03-31,2023-03-31,27.285999298095703,27.777000427246097,0.0179946178179613,normal
LRCX,2021,mse,bio_it,Information Technology,8079293884.0774765,0.3750639787235434,1.097399449243582,1.218782764872021,2021,2021-12-31,-1.6329547475025723,0.6206539107045292,2.2536086582071015,gap_top_20pct,2022-03-31,2022-03-31,2023-03-31,2023-03-31,53.76100158691406,53.012001037597656,-0.013932042320779936,normal
AVGO,2021,mse,bio_it,Information Technology,24189460553.780457,0.1684055593698793,1.0518587522009626,0.977596400550329,2021,2021-12-31,-1.8813870629691638,-0.15862819836717393,1.7227588646019898,gap_top_20pct,2022-03-31,2022-03-31,2023-03-31,2023-03-31,62.96799850463867,64.15399932861328,0.01883497732403283,normal
MRNA,2021,mse,bio_it,Health Care,69398898355.31259,0.6801846401193797,1.1020392866922384,2.2096977726285307,2021,2021-12-31,0.18996705032830352,1.8403300891847942,1.6503630388564907,gap_top_20pct,2022-03-31,2022-03-31,2023-03-31,2023-03-31,172.25999450683594,153.5800018310547,-0.10844069007003221,normal
HPQ,2021,mse,bio_it,Information Technology,39768399096.43895,0.6729444254383865,0.9706796766270116,1.1979469236862952,2021,2021-12-31,0.03625882018019344,1.6563395565122865,1.620080736332093,gap_top_20pct,2022-03-31,2022-03-31,2023-03-31,2023-03-31,36.29999923706055,29.350000381469727,-0.19146002759402836,normal
HPE,2021,mse,bio_it,Information Technology,21121873582.628365,0.1121062829178986,0.9476454117068558,1.0517238757166971,2021,2021-12-31,-1.7481416249138062,-0.371897076140632,1.3762445487731743,gap_top_20pct,2022-03-31,2022-03-31,2023-03-31,2023-03-31,16.709999084472656,15.93000030517578,-0.04667856505280543,normal
WDC,2021,mse,bio_it,Information Technology,12202899640.37159,0.0447980894137766,1.0790646396168102,0.9932484567901234,2021,2021-12-31,-1.7851416642033717,-0.5927541896546824,1.1923874745486893,gap_top_20pct,2022-03-31,2022-03-31,2023-03-31,2023-03-31,37.528343200683594,28.473167419433594,-0.24128898344451977,normal
INTC,2021,mse,bio_it,Information Technology,201808325592.04105,0.1387936876439374,1.1068758476309477,1.120482085116112,2021,2021-12-31,-1.0350163887272137,-0.2345681884282712,0.8004482002989425,gap_top_20pct,2022-03-31,2022-03-31,2023-03-31,2023-03-31,49.560001373291016,32.66999816894531,-0.3407990866894548,normal
ANET,2021,mse,bio_it,Information Technology,10693349423.87983,0.1505329814601568,1.229531864486249,1.2428746407419735,2021,2021-12-31,-0.7290714820855904,-0.15132193031169844,0.577749551773892,gap_top_20pct,2022-03-31,2022-03-31,2023-03-31,2023-03-31,34.744998931884766,41.96500015258789,0.20779972492897336,normal
NOW,2021,mse,bio_it,Information Technology,22275599670.410156,0.0290983571891815,5.0,1.4946122690703592,2021,2021-12-31,-0.34297619692591663,0.22981889530831126,0.5727950922342279,gap_top_20pct,2022-03-31,2022-03-31,2023-03-31,2023-03-31,111.37799835205078,92.94400024414062,-0.1655084341670675,normal
REGN,2021,mse,bio_it,Health Care,73822992193.60352,0.2894090544713275,1.073631960808364,1.0275504620984144,2021,2021-12-31,-0.1899670503283034,0.2848416620589004,0.4748087123872038,gap_top_20pct,2022-03-31,2022-03-31,2023-03-31,2023-03-31,698.4199829101562,821.6699829101562,0.17646975031620005,normal
VRSN,2021,mse,bio_it,Information Technology,24507848997.129547,-0.7832150491855331,1.0123997837397445,1.1525200913870737,2021,2021-12-31,-5.983627831175823,-3.545473727366531,2.4381541038092918,gap_top_30pct,2022-03-31,2022-03-31,2023-03-31,2023-03-31,222.4600067138672,211.3300018310547,-0.05003148677024072,normal
NVDA,2021,mse,bio_it,Information Technology,9305889720.91675,0.1651128178095873,1.4685124398680938,1.5457445713697644,2021,2021-12-31,-2.4149657657224717,-0.010437520019029478,2.404528245703442,gap_top_30pct,2022-03-31,2022-03-31,2023-03-31,2023-03-31,27.285999298095703,27.777000427246097,0.0179946178179613,normal
LRCX,2021,mse,bio_it,Information Technology,8079293884.0774765,0.3750639787235434,1.097399449243582,1.218782764872021,2021,2021-12-31,-1.6329547475025723,0.6206539107045292,2.2536086582071015,gap_top_30pct,2022-03-31,2022-03-31,2023-03-31,2023-03-31,53.76100158691406,53.012001037597656,-0.013932042320779936,normal
AVGO,2021,mse,bio_it,Information Technology,24189460553.780457,0.1684055593698793,1.0518587522009626,0.977596400550329,2021,2021-12-31,-1.8813870629691638,-0.15862819836717393,1.7227588646019898,gap_top_30pct,2022-03-31,2022-03-31,2023-03-31,2023-03-31,62.96799850463867,64.15399932861328,0.01883497732403283,normal
MRNA,2021,mse,bio_it,Health Care,69398898355.31259,0.6801846401193797,1.1020392866922384,2.2096977726285307,2021,2021-12-31,0.18996705032830352,1.8403300891847942,1.6503630388564907,gap_top_30pct,2022-03-31,2022-03-31,2023-03-31,2023-03-31,172.25999450683594,153.5800018310547,-0.10844069007003221,normal
HPQ,2021,mse,bio_it,Information Technology,39768399096.43895,0.6729444254383865,0.9706796766270116,1.1979469236862952,2021,2021-12-31,0.03625882018019344,1.6563395565122865,1.620080736332093,gap_top_30pct,2022-03-31,2022-03-31,2023-03-31,2023-03-31,36.29999923706055,29.350000381469727,-0.19146002759402836,normal
HPE,2021,mse,bio_it,Information Technology,21121873582.628365,0.1121062829178986,0.9476454117068558,1.0517238757166971,2021,2021-12-31,-1.7481416249138062,-0.371897076140632,1.3762445487731743,gap_top_30pct,2022-03-31,2022-03-31,2023-03-31,2023-03-31,16.709999084472656,15.93000030517578,-0.04667856505280543,normal
WDC,2021,mse,bio_it,Information Technology,12202899640.37159,0.0447980894137766,1.0790646396168102,0.9932484567901234,2021,2021-12-31,-1.7851416642033717,-0.5927541896546824,1.1923874745486893,gap_top_30pct,2022-03-31,2022-03-31,2023-03-31,2023-03-31,37.528343200683594,28.473167419433594,-0.24128898344451977,normal
INTC,2021,mse,bio_it,Information Technology,201808325592.04105,0.1387936876439374,1.1068758476309477,1.120482085116112,2021,2021-12-31,-1.0350163887272137,-0.2345681884282712,0.8004482002989425,gap_top_30pct,2022-03-31,2022-03-31,2023-03-31,2023-03-31,49.560001373291016,32.66999816894531,-0.3407990866894548,normal
ANET,2021,mse,bio_it,Information Technology,10693349423.87983,0.1505329814601568,1.229531864486249,1.2428746407419735,2021,2021-12-31,-0.7290714820855904,-0.15132193031169844,0.577749551773892,gap_top_30pct,2022-03-31,2022-03-31,2023-03-31,2023-03-31,34.744998931884766,41.96500015258789,0.20779972492897336,normal
NOW,2021,mse,bio_it,Information Technology,22275599670.410156,0.0290983571891815,5.0,1.4946122690703592,2021,2021-12-31,-0.34297619692591663,0.22981889530831126,0.5727950922342279,gap_top_30pct,2022-03-31,2022-03-31,2023-03-31,2023-03-31,111.37799835205078,92.94400024414062,-0.1655084341670675,normal
REGN,2021,mse,bio_it,Health Care,73822992193.60352,0.2894090544713275,1.073631960808364,1.0275504620984144,2021,2021-12-31,-0.1899670503283034,0.2848416620589004,0.4748087123872038,gap_top_30pct,2022-03-31,2022-03-31,2023-03-31,2023-03-31,698.4199829101562,821.6699829101562,0.17646975031620005,normal
CRM,2021,mse,bio_it,Information Technology,212124726745.60547,0.0727559937732936,5.0,1.2738746153996905,2021,2021-12-31,-0.04606147674663141,0.35731239926786107,0.4033738760144925,gap_top_30pct,2022-03-31,2022-03-31,2023-03-31,2023-03-31,212.32000732421875,199.77999877929688,-0.05906183172729884,normal
GLW,2021,mse,bio_it,Information Technology,31220304842.11361,0.1166107370276462,1.017064581587246,0.9518463602344136,2021,2021-12-31,-0.7313096960788549,-0.35430521284621,0.37700448323264485,gap_top_30pct,2022-03-31,2022-03-31,2023-03-31,2023-03-31,36.90999984741211,35.279998779296875,-0.04416150297625965,normal
MU,2021,mse,bio_it,Information Technology,104199802901.58437,0.1132574494481159,1.0835713349429477,1.0551285973974551,2021,2021-12-31,-0.6785593828950562,-0.33912886353552585,0.3394305193595304,gap_top_30pct,2022-03-31,2022-03-31,2023-03-31,2023-03-31,77.88999938964844,60.34000015258789,-0.22531774777999214,normal
APH,2021,mse,bio_it,Information Technology,22565055490.820217,0.1993325662146205,1.093334951688447,1.2572942837756056,2021,2021-12-31,-0.33907284923739356,-0.0033074864832767226,0.33576536275411684,gap_top_30pct,2022-03-31,2022-03-31,2023-03-31,2023-03-31,37.67499923706055,40.86000061035156,0.08453885700833563,normal
GILD,2021,mse,bio_it,Health Care,74543566698.43965,0.1495285549111708,1.0227825413645992,0.8158733519165402,2021,2021-12-31,-0.5803706840322396,-0.25304868771139544,0.32732199632084413,gap_top_30pct,2022-03-31,2022-03-31,2023-03-31,2023-03-31,59.45000076293945,82.97000122070312,0.39562657957820924,normal
BIIB,2021,mse,bio_it,Health Care,30950365102.7897,0.0733522522827676,0.9467190743108364,0.8541380638789129,2021,2021-12-31,-0.7851930467465453,-0.5361570537848154,0.24903599296172996,gap_top_30pct,2022-03-31,2022-03-31,2023-03-31,2023-03-31,210.6000061035156,278.0299987792969,0.32018039278991095,normal
LRCX,2022,mse,bio_it,Information Technology,5013752978.173218,0.4151883849740926,1.0780562424838716,1.168903758312715,2022,2022-12-31,-2.030900510707963,0.8119084011671723,2.842808911875135,gap_top_5pct,2023-03-31,2023-03-31,2024-03-31,2024-03-31,53.012001037597656,97.15699768066406,0.8327359046823659,normal
VRSN,2022,mse,bio_it,Information Technology,22164144140.349747,-0.5413292698043646,1.0625905775942364,1.6197521774679138,2022,2022-12-31,-5.842027732560031,-3.068539398917096,2.773488333642935,gap_top_5pct,2023-03-31,2023-03-31,2024-03-31,2024-03-31,211.3300018310547,189.5099945068359,-0.10325087368173369,normal
AVGO,2022,mse,bio_it,Information Technology,24446756846.588287,0.3015700905009287,1.0261156946010546,0.98710047563526,2022,2022-12-31,-1.6810249591681339,0.35526709765310693,2.0362920568212406,gap_top_5pct,2023-03-31,2023-03-31,2024-03-31,2024-03-31,64.15399932861328,132.54100036621094,1.0659818834879156,normal
LRCX,2022,mse,bio_it,Information Technology,5013752978.173218,0.4151883849740926,1.0780562424838716,1.168903758312715,2022,2022-12-31,-2.030900510707963,0.8119084011671723,2.842808911875135,gap_top_10pct,2023-03-31,2023-03-31,2024-03-31,2024-03-31,53.012001037597656,97.15699768066406,0.8327359046823659,normal
VRSN,2022,mse,bio_it,Information Technology,22164144140.349747,-0.5413292698043646,1.0625905775942364,1.6197521774679138,2022,2022-12-31,-5.842027732560031,-3.068539398917096,2.773488333642935,gap_top_10pct,2023-03-31,2023-03-31,2024-03-31,2024-03-31,211.3300018310547,189.5099945068359,-0.10325087368173369,normal
AVGO,2022,mse,bio_it,Information Technology,24446756846.588287,0.3015700905009287,1.0261156946010546,0.98710047563526,2022,2022-12-31,-1.6810249591681339,0.35526709765310693,2.0362920568212406,gap_top_10pct,2023-03-31,2023-03-31,2024-03-31,2024-03-31,64.15399932861328,132.54100036621094,1.0659818834879156,normal
WDC,2022,mse,bio_it,Information Technology,8170150164.596695,0.0750942362395176,1.061993909001581,1.0260161346354266,2022,2022-12-31,-2.1308468369441713,-0.5476103365109053,1.583236500433266,gap_top_10pct,2023-03-31,2023-03-31,2024-03-31,2024-03-31,28.473167419433594,51.579742431640625,0.8115210602258554,normal
NVDA,2022,mse,bio_it,Information Technology,46552972221.37452,0.2514048960513892,1.2822836284148067,1.5445327486982734,2022,2022-12-31,-1.0544295948538125,0.18096334484884363,1.2353929397026562,gap_top_10pct,2023-03-31,2023-03-31,2024-03-31,2024-03-31,27.777000427246097,90.3560028076172,2.25290713244142,normal
STX,2022,mse,bio_it,Information Technology,10366794026.026451,0.4613264529450901,0.9733505050770912,1.0225501498731842,2022,2022-12-31,-0.17206811995921312,0.9799147368232625,1.1519828567824755,gap_top_10pct,2023-03-31,2023-03-31,2024-03-31,2024-03-31,66.12000274658203,93.0500030517578,0.4072897638614794,normal
LRCX,2022,mse,bio_it,Information Technology,5013752978.173218,0.4151883849740926,1.0780562424838716,1.168903758312715,2022,2022-12-31,-2.030900510707963,0.8119084011671723,2.842808911875135,gap_top_20pct,2023-03-31,2023-03-31,2024-03-31,2024-03-31,53.012001037597656,97.15699768066406,0.8327359046823659,normal
VRSN,2022,mse,bio_it,Information Technology,22164144140.349747,-0.5413292698043646,1.0625905775942364,1.6197521774679138,2022,2022-12-31,-5.842027732560031,-3.068539398917096,2.773488333642935,gap_top_20pct,2023-03-31,2023-03-31,2024-03-31,2024-03-31,211.3300018310547,189.5099945068359,-0.10325087368173369,normal
AVGO,2022,mse,bio_it,Information Technology,24446756846.588287,0.3015700905009287,1.0261156946010546,0.98710047563526,2022,2022-12-31,-1.6810249591681339,0.35526709765310693,2.0362920568212406,gap_top_20pct,2023-03-31,2023-03-31,2024-03-31,2024-03-31,64.15399932861328,132.54100036621094,1.0659818834879156,normal
WDC,2022,mse,bio_it,Information Technology,8170150164.596695,0.0750942362395176,1.061993909001581,1.0260161346354266,2022,2022-12-31,-2.1308468369441713,-0.5476103365109053,1.583236500433266,gap_top_20pct,2023-03-31,2023-03-31,2024-03-31,2024-03-31,28.473167419433594,51.579742431640625,0.8115210602258554,normal
NVDA,2022,mse,bio_it,Information Technology,46552972221.37452,0.2514048960513892,1.2822836284148067,1.5445327486982734,2022,2022-12-31,-1.0544295948538125,0.18096334484884363,1.2353929397026562,gap_top_20pct,2023-03-31,2023-03-31,2024-03-31,2024-03-31,27.777000427246097,90.3560028076172,2.25290713244142,normal
STX,2022,mse,bio_it,Information Technology,10366794026.026451,0.4613264529450901,0.9733505050770912,1.0225501498731842,2022,2022-12-31,-0.17206811995921312,0.9799147368232625,1.1519828567824755,gap_top_20pct,2023-03-31,2023-03-31,2024-03-31,2024-03-31,66.12000274658203,93.0500030517578,0.4072897638614794,normal
INTC,2022,mse,bio_it,Information Technology,135155782424.92676,0.0523624512626056,2.6576187871937313,1.205580584038891,2022,2022-12-31,-1.361185025219082,-0.21910827924687437,1.1420767459722077,gap_top_20pct,2023-03-31,2023-03-31,2024-03-31,2024-03-31,32.66999816894531,44.16999816894531,0.3520049171882538,normal
MU,2022,mse,bio_it,Information Technology,54336685330.65372,0.1482935451064539,1.0882707408049042,1.1856785436976964,2022,2022-12-31,-1.312047155114704,-0.2586037789143176,1.0534433762003863,gap_top_20pct,2023-03-31,2023-03-31,2024-03-31,2024-03-31,60.34000015258789,117.88999938964844,0.953762000191051,normal
KLAC,2022,mse,bio_it,Information Technology,42914077423.28125,0.7083667459624088,1.119002908517219,1.221842329223931,2022,2022-12-31,0.9770401419935013,1.9965868268393367,1.0195466848458354,gap_top_20pct,2023-03-31,2023-03-31,2024-03-31,2024-03-31,399.1700134277344,698.5700073242188,0.7500563264396805,normal
HPE,2022,mse,bio_it,Information Technology,20675704730.88649,0.0284663918182305,1.0382253018605472,1.0499635356978076,2022,2022-12-31,-1.6253657777837434,-0.7431744208639434,0.8821913569198,gap_top_20pct,2023-03-31,2023-03-31,2024-03-31,2024-03-31,15.93000030517578,17.729999542236328,0.11299430022457146,normal
NOW,2022,mse,bio_it,Information Technology,18867632049.560547,0.0310481031656135,4.441003559755464,1.4253163842797456,2022,2022-12-31,-0.6476971481259451,0.16303804964225221,0.8107351977681974,gap_top_20pct,2023-03-31,2023-03-31,2024-03-31,2024-03-31,92.94400024414062,152.47999572753906,0.6405577049299824,normal
AAPL,2022,mse,bio_it,Information Technology,2066941655225.464,0.7667148302594936,1.0942853401570494,1.2691146607254564,2022,2022-12-31,1.5281291973071436,2.2206375932221665,0.6925083959150229,gap_top_20pct,2023-03-31,2023-03-31,2024-03-31,2024-03-31,164.89999389648438,171.47999572753906,0.03990298407885495,normal
LRCX,2022,mse,bio_it,Information Technology,5013752978.173218,0.4151883849740926,1.0780562424838716,1.168903758312715,2022,2022-12-31,-2.030900510707963,0.8119084011671723,2.842808911875135,gap_top_30pct,2023-03-31,2023-03-31,2024-03-31,2024-03-31,53.012001037597656,97.15699768066406,0.8327359046823659,normal
VRSN,2022,mse,bio_it,Information Technology,22164144140.349747,-0.5413292698043646,1.0625905775942364,1.6197521774679138,2022,2022-12-31,-5.842027732560031,-3.068539398917096,2.773488333642935,gap_top_30pct,2023-03-31,2023-03-31,2024-03-31,2024-03-31,211.3300018310547,189.5099945068359,-0.10325087368173369,normal
AVGO,2022,mse,bio_it,Information Technology,24446756846.588287,0.3015700905009287,1.0261156946010546,0.98710047563526,2022,2022-12-31,-1.6810249591681339,0.35526709765310693,2.0362920568212406,gap_top_30pct,2023-03-31,2023-03-31,2024-03-31,2024-03-31,64.15399932861328,132.54100036621094,1.0659818834879156,normal
WDC,2022,mse,bio_it,Information Technology,8170150164.596695,0.0750942362395176,1.061993909001581,1.0260161346354266,2022,2022-12-31,-2.1308468369441713,-0.5476103365109053,1.583236500433266,gap_top_30pct,2023-03-31,2023-03-31,2024-03-31,2024-03-31,28.473167419433594,51.579742431640625,0.8115210602258554,normal
NVDA,2022,mse,bio_it,Information Technology,46552972221.37452,0.2514048960513892,1.2822836284148067,1.5445327486982734,2022,2022-12-31,-1.0544295948538125,0.18096334484884363,1.2353929397026562,gap_top_30pct,2023-03-31,2023-03-31,2024-03-31,2024-03-31,27.777000427246097,90.3560028076172,2.25290713244142,normal
STX,2022,mse,bio_it,Information Technology,10366794026.026451,0.4613264529450901,0.9733505050770912,1.0225501498731842,2022,2022-12-31,-0.17206811995921312,0.9799147368232625,1.1519828567824755,gap_top_30pct,2023-03-31,2023-03-31,2024-03-31,2024-03-31,66.12000274658203,93.0500030517578,0.4072897638614794,normal
INTC,2022,mse,bio_it,Information Technology,135155782424.92676,0.0523624512626056,2.6576187871937313,1.205580584038891,2022,2022-12-31,-1.361185025219082,-0.21910827924687437,1.1420767459722077,gap_top_30pct,2023-03-31,2023-03-31,2024-03-31,2024-03-31,32.66999816894531,44.16999816894531,0.3520049171882538,normal
MU,2022,mse,bio_it,Information Technology,54336685330.65372,0.1482935451064539,1.0882707408049042,1.1856785436976964,2022,2022-12-31,-1.312047155114704,-0.2586037789143176,1.0534433762003863,gap_top_30pct,2023-03-31,2023-03-31,2024-03-31,2024-03-31,60.34000015258789,117.88999938964844,0.953762000191051,normal
KLAC,2022,mse,bio_it,Information Technology,42914077423.28125,0.7083667459624088,1.119002908517219,1.221842329223931,2022,2022-12-31,0.9770401419935013,1.9965868268393367,1.0195466848458354,gap_top_30pct,2023-03-31,2023-03-31,2024-03-31,2024-03-31,399.1700134277344,698.5700073242188,0.7500563264396805,normal
HPE,2022,mse,bio_it,Information Technology,20675704730.88649,0.0284663918182305,1.0382253018605472,1.0499635356978076,2022,2022-12-31,-1.6253657777837434,-0.7431744208639434,0.8821913569198,gap_top_30pct,2023-03-31,2023-03-31,2024-03-31,2024-03-31,15.93000030517578,17.729999542236328,0.11299430022457146,normal
NOW,2022,mse,bio_it,Information Technology,18867632049.560547,0.0310481031656135,4.441003559755464,1.4253163842797456,2022,2022-12-31,-0.6476971481259451,0.16303804964225221,0.8107351977681974,gap_top_30pct,2023-03-31,2023-03-31,2024-03-31,2024-03-31,92.94400024414062,152.47999572753906,0.6405577049299824,normal
AAPL,2022,mse,bio_it,Information Technology,2066941655225.464,0.7667148302594936,1.0942853401570494,1.2691146607254564,2022,2022-12-31,1.5281291973071436,2.2206375932221665,0.6925083959150229,gap_top_30pct,2023-03-31,2023-03-31,2024-03-31,2024-03-31,164.89999389648438,171.47999572753906,0.03990298407885495,normal
HPQ,2022,mse,bio_it,Information Technology,28619727895.985783,0.4088459540374265,0.87997096716621,0.964326427626879,2022,2022-12-31,0.05873401502489095,0.748182668566303,0.689448653541412,gap_top_30pct,2023-03-31,2023-03-31,2024-03-31,2024-03-31,29.350000381469727,30.219999313354492,0.029642211944707286,normal
CRM,2022,mse,bio_it,Information Technology,174180602416.9922,0.0190374031601111,5.0,1.2340389526476108,2022,2022-12-31,-0.40553152876551,0.28120110548485344,0.6867326342503635,gap_top_30pct,2023-03-31,2023-03-31,2024-03-31,2024-03-31,199.77999877929688,301.17999267578125,0.5075582866956772,normal
MRNA,2022,mse,bio_it,Health Care,59334035553.928925,0.3305171622965762,1.2529191739305945,2.0260211552707528,2022,2022-12-31,-0.12811701786864393,0.45412532666790584,0.5822423445365498,gap_top_30pct,2023-03-31,2023-03-31,2024-03-31,2024-03-31,153.5800018310547,106.55999755859376,-0.30615968037417507,normal
QCOM,2022,mse,bio_it,Information Technology,123242742736.8164,0.3176048776639633,1.138190368008297,1.2386959495402383,2022,2022-12-31,-0.12966293196056555,0.43098133294495233,0.5606442649055179,gap_top_30pct,2023-03-31,2023-03-31,2024-03-31,2024-03-31,127.58000183105467,169.3000030517578,0.32701050808848575,normal
ANET,2022,mse,bio_it,Information Technology,12857882336.312223,0.1992068206832645,1.193889248538222,1.3460516637078077,2022,2022-12-31,-0.5982270108229888,-0.037611634049323425,0.5606153767736654,gap_top_30pct,2023-03-31,2023-03-31,2024-03-31,2024-03-31,41.96500015258789,72.49500274658203,0.7275110802569942,normal
ROP,2022,mse,bio_it,Information Technology,46820349119.132996,0.2362174590768077,1.1387654461342802,1.037759052213148,2022,2022-12-31,-0.34750380821593296,0.11952039811014438,0.46702420632607733,gap_top_30pct,2023-03-31,2023-03-31,2024-03-31,2024-03-31,440.69000244140625,560.8400268554688,0.27264068562580457,normal
SWKS,2022,mse,bio_it,Information Technology,14595477322.424498,0.1763668949460053,1.1325240030809458,1.2331988611438451,2022,2022-12-31,-0.5344376907333869,-0.13743701150735116,0.3970006792260357,gap_top_30pct,2023-03-31,2023-03-31,2024-03-31,2024-03-31,117.9800033569336,108.31999969482422,-0.0818783131653612,normal
FICO,2023,mse,bio_it,Information Technology,28766827724.91333,3.860950964077862,1.038039852137106,1.0148665240904426,2023,2023-12-31,3.406104784597559,14.241642800269025,10.835538015671466,gap_top_5pct,2024-03-31,2024-03-31,2025-03-31,2025-03-31,1249.6099853515625,1844.1600341796875,0.4757884906472283,normal
VRSN,2023,mse,bio_it,Information Technology,19121558445.739742,-0.6723550234019522,1.047461069756659,1.2859140221297811,2023,2023-12-31,-5.804235587378624,-3.5003282829752806,2.3039073044033436,gap_top_5pct,2024-03-31,2024-03-31,2025-03-31,2025-03-31,189.5099945068359,253.8699951171875,0.3396126984111649,normal
LRCX,2023,mse,bio_it,Information Technology,8305435636.896893,0.3363273912710145,1.0750697831506193,1.0945747736453129,2023,2023-12-31,-1.6783289819281648,0.4809111284275661,2.159240110355731,gap_top_5pct,2024-03-31,2024-03-31,2025-03-31,2025-03-31,97.15699768066406,72.69999694824219,-0.25172660041232675,normal
FICO,2023,mse,bio_it,Information Technology,28766827724.91333,3.860950964077862,1.038039852137106,1.0148665240904426,2023,2023-12-31,3.406104784597559,14.241642800269025,10.835538015671466,gap_top_10pct,2024-03-31,2024-03-31,2025-03-31,2025-03-31,1249.6099853515625,1844.1600341796875,0.4757884906472283,normal
VRSN,2023,mse,bio_it,Information Technology,19121558445.739742,-0.6723550234019522,1.047461069756659,1.2859140221297811,2023,2023-12-31,-5.804235587378624,-3.5003282829752806,2.3039073044033436,gap_top_10pct,2024-03-31,2024-03-31,2025-03-31,2025-03-31,189.5099945068359,253.8699951171875,0.3396126984111649,normal
LRCX,2023,mse,bio_it,Information Technology,8305435636.896893,0.3363273912710145,1.0750697831506193,1.0945747736453129,2023,2023-12-31,-1.6783289819281648,0.4809111284275661,2.159240110355731,gap_top_10pct,2024-03-31,2024-03-31,2025-03-31,2025-03-31,97.15699768066406,72.69999694824219,-0.25172660041232675,normal
AVGO,2023,mse,bio_it,Information Technology,55240587142.0,0.3516800550878056,1.0398532829221323,1.082092581927358,2023,2023-12-31,-0.8772982811996002,0.5349786221321681,1.4122769033317684,gap_top_10pct,2024-03-31,2024-03-31,2025-03-31,2025-03-31,132.54100036621094,167.42999267578125,0.2632316959519845,normal
INTC,2023,mse,bio_it,Information Technology,186750752258.3008,0.010695603430685,5.0,0.9644087380884412,2023,2023-12-31,-1.0313497033374626,0.1689287758898014,1.200278479227264,gap_top_10pct,2024-03-31,2024-03-31,2025-03-31,2025-03-31,44.16999816894531,22.709999084472656,-0.4858501239323252,normal
HPE,2023,mse,bio_it,Information Technology,19876999950.408936,0.062888539669282,1.1865618787251389,1.1158196134574088,2023,2023-12-31,-1.6814631511280083,-0.5638864399208209,1.1175767112071875,gap_top_10pct,2024-03-31,2024-03-31,2025-03-31,2025-03-31,17.729999542236328,15.43000030517578,-0.12972359257999422,normal
FICO,2023,mse,bio_it,Information Technology,28766827724.91333,3.860950964077862,1.038039852137106,1.0148665240904426,2023,2023-12-31,3.406104784597559,14.241642800269025,10.835538015671466,gap_top_20pct,2024-03-31,2024-03-31,2025-03-31,2025-03-31,1249.6099853515625,1844.1600341796875,0.4757884906472283,normal
VRSN,2023,mse,bio_it,Information Technology,19121558445.739742,-0.6723550234019522,1.047461069756659,1.2859140221297811,2023,2023-12-31,-5.804235587378624,-3.5003282829752806,2.3039073044033436,gap_top_20pct,2024-03-31,2024-03-31,2025-03-31,2025-03-31,189.5099945068359,253.8699951171875,0.3396126984111649,normal
LRCX,2023,mse,bio_it,Information Technology,8305435636.896893,0.3363273912710145,1.0750697831506193,1.0945747736453129,2023,2023-12-31,-1.6783289819281648,0.4809111284275661,2.159240110355731,gap_top_20pct,2024-03-31,2024-03-31,2025-03-31,2025-03-31,97.15699768066406,72.69999694824219,-0.25172660041232675,normal
AVGO,2023,mse,bio_it,Information Technology,55240587142.0,0.3516800550878056,1.0398532829221323,1.082092581927358,2023,2023-12-31,-0.8772982811996002,0.5349786221321681,1.4122769033317684,gap_top_20pct,2024-03-31,2024-03-31,2025-03-31,2025-03-31,132.54100036621094,167.42999267578125,0.2632316959519845,normal
INTC,2023,mse,bio_it,Information Technology,186750752258.3008,0.010695603430685,5.0,0.9644087380884412,2023,2023-12-31,-1.0313497033374626,0.1689287758898014,1.200278479227264,gap_top_20pct,2024-03-31,2024-03-31,2025-03-31,2025-03-31,44.16999816894531,22.709999084472656,-0.4858501239323252,normal
HPE,2023,mse,bio_it,Information Technology,19876999950.408936,0.062888539669282,1.1865618787251389,1.1158196134574088,2023,2023-12-31,-1.6814631511280083,-0.5638864399208209,1.1175767112071875,gap_top_20pct,2024-03-31,2024-03-31,2025-03-31,2025-03-31,17.729999542236328,15.43000030517578,-0.12972359257999422,normal
HPQ,2023,mse,bio_it,Information Technology,28448808403.591713,0.3501033450606344,0.8949243757101745,0.936587517459384,2023,2023-12-31,-0.08313303966825947,0.523837564899216,0.6069706045674754,gap_top_20pct,2024-03-31,2024-03-31,2025-03-31,2025-03-31,30.219999313354492,27.690000534057617,-0.0837193526400527,normal
GEN,2023,mse,bio_it,Information Technology,11886295031.530792,0.3177457696878331,0.8085054758440623,1.1771662497157152,2023,2023-12-31,-0.1695466025481498,0.32837478743375337,0.49792138998190316,gap_top_20pct,2024-03-31,2024-03-31,2025-03-31,2025-03-31,22.399999618530273,26.540000915527344,0.18482148962057465,normal
NOW,2023,mse,bio_it,Information Technology,31258399124.145508,0.1203406170166371,2.732995664944668,1.3261369443025035,2023,2023-12-31,-0.42290564746730785,-0.014913610732730564,0.4079920367345773,gap_top_20pct,2024-03-31,2024-03-31,2025-03-31,2025-03-31,152.47999572753906,159.22799682617188,0.044254992705341945,normal
NVDA,2023,mse,bio_it,Information Technology,68540031356.81152,0.1139539571693403,1.9593405875122536,1.548571538210633,2023,2023-12-31,-0.6179134625406745,-0.26861077841734105,0.34930268412333343,gap_top_20pct,2024-03-31,2024-03-31,2025-03-31,2025-03-31,90.3560028076172,108.37999725341795,0.19947755418283397,normal
ANET,2023,mse,bio_it,Information Technology,22664374560.61386,0.2204391444252477,1.1535176762959694,1.300298488983738,2023,2023-12-31,-0.3262861490732223,0.005718221881497856,0.33200437095472013,gap_top_20pct,2024-03-31,2024-03-31,2025-03-31,2025-03-31,72.49500274658203,77.4800033569336,0.06876336880457035,normal
INCY,2023,mse,bio_it,Health Care,12791253786.239746,0.0566239408947651,1.4951676331641568,1.108040178039463,2023,2023-12-31,-0.7984102943732962,-0.5134513641872072,0.2849589301860891,gap_top_20pct,2024-03-31,2024-03-31,2025-03-31,2025-03-31,56.970001220703125,60.54999923706055,0.0628400551105559,normal
NTAP,2023,mse,bio_it,Information Technology,16571732232.451286,0.2328761000868728,1.1199781727719575,1.0587904162122226,2023,2023-12-31,-0.09077731841963566,0.09514202881663977,0.18591934723627543,gap_top_20pct,2024-03-31,2024-03-31,2025-03-31,2025-03-31,104.97000122070312,87.83999633789062,-0.16318952732787018,normal
FICO,2023,mse,bio_it,Information Technology,28766827724.91333,3.860950964077862,1.038039852137106,1.0148665240904426,2023,2023-12-31,3.406104784597559,14.241642800269025,10.835538015671466,gap_top_30pct,2024-03-31,2024-03-31,2025-03-31,2025-03-31,1249.6099853515625,1844.1600341796875,0.4757884906472283,normal
VRSN,2023,mse,bio_it,Information Technology,19121558445.739742,-0.6723550234019522,1.047461069756659,1.2859140221297811,2023,2023-12-31,-5.804235587378624,-3.5003282829752806,2.3039073044033436,gap_top_30pct,2024-03-31,2024-03-31,2025-03-31,2025-03-31,189.5099945068359,253.8699951171875,0.3396126984111649,normal
LRCX,2023,mse,bio_it,Information Technology,8305435636.896893,0.3363273912710145,1.0750697831506193,1.0945747736453129,2023,2023-12-31,-1.6783289819281648,0.4809111284275661,2.159240110355731,gap_top_30pct,2024-03-31,2024-03-31,2025-03-31,2025-03-31,97.15699768066406,72.69999694824219,-0.25172660041232675,normal
AVGO,2023,mse,bio_it,Information Technology,55240587142.0,0.3516800550878056,1.0398532829221323,1.082092581927358,2023,2023-12-31,-0.8772982811996002,0.5349786221321681,1.4122769033317684,gap_top_30pct,2024-03-31,2024-03-31,2025-03-31,2025-03-31,132.54100036621094,167.42999267578125,0.2632316959519845,normal
INTC,2023,mse,bio_it,Information Technology,186750752258.3008,0.010695603430685,5.0,0.9644087380884412,2023,2023-12-31,-1.0313497033374626,0.1689287758898014,1.200278479227264,gap_top_30pct,2024-03-31,2024-03-31,2025-03-31,2025-03-31,44.16999816894531,22.709999084472656,-0.4858501239323252,normal
HPE,2023,mse,bio_it,Information Technology,19876999950.408936,0.062888539669282,1.1865618787251389,1.1158196134574088,2023,2023-12-31,-1.6814631511280083,-0.5638864399208209,1.1175767112071875,gap_top_30pct,2024-03-31,2024-03-31,2025-03-31,2025-03-31,17.729999542236328,15.43000030517578,-0.12972359257999422,normal
HPQ,2023,mse,bio_it,Information Technology,28448808403.591713,0.3501033450606344,0.8949243757101745,0.936587517459384,2023,2023-12-31,-0.08313303966825947,0.523837564899216,0.6069706045674754,gap_top_30pct,2024-03-31,2024-03-31,2025-03-31,2025-03-31,30.219999313354492,27.690000534057617,-0.0837193526400527,normal
GEN,2023,mse,bio_it,Information Technology,11886295031.530792,0.3177457696878331,0.8085054758440623,1.1771662497157152,2023,2023-12-31,-0.1695466025481498,0.32837478743375337,0.49792138998190316,gap_top_30pct,2024-03-31,2024-03-31,2025-03-31,2025-03-31,22.399999618530273,26.540000915527344,0.18482148962057465,normal
NOW,2023,mse,bio_it,Information Technology,31258399124.145508,0.1203406170166371,2.732995664944668,1.3261369443025035,2023,2023-12-31,-0.42290564746730785,-0.014913610732730564,0.4079920367345773,gap_top_30pct,2024-03-31,2024-03-31,2025-03-31,2025-03-31,152.47999572753906,159.22799682617188,0.044254992705341945,normal
NVDA,2023,mse,bio_it,Information Technology,68540031356.81152,0.1139539571693403,1.9593405875122536,1.548571538210633,2023,2023-12-31,-0.6179134625406745,-0.26861077841734105,0.34930268412333343,gap_top_30pct,2024-03-31,2024-03-31,2025-03-31,2025-03-31,90.3560028076172,108.37999725341795,0.19947755418283397,normal
ANET,2023,mse,bio_it,Information Technology,22664374560.61386,0.2204391444252477,1.1535176762959694,1.300298488983738,2023,2023-12-31,-0.3262861490732223,0.005718221881497856,0.33200437095472013,gap_top_30pct,2024-03-31,2024-03-31,2025-03-31,2025-03-31,72.49500274658203,77.4800033569336,0.06876336880457035,normal
INCY,2023,mse,bio_it,Health Care,12791253786.239746,0.0566239408947651,1.4951676331641568,1.108040178039463,2023,2023-12-31,-0.7984102943732962,-0.5134513641872072,0.2849589301860891,gap_top_30pct,2024-03-31,2024-03-31,2025-03-31,2025-03-31,56.970001220703125,60.54999923706055,0.0628400551105559,normal
NTAP,2023,mse,bio_it,Information Technology,16571732232.451286,0.2328761000868728,1.1199781727719575,1.0587904162122226,2023,2023-12-31,-0.09077731841963566,0.09514202881663977,0.18591934723627543,gap_top_30pct,2024-03-31,2024-03-31,2025-03-31,2025-03-31,104.97000122070312,87.83999633789062,-0.16318952732787018,normal
CRM,2023,mse,bio_it,Information Technology,198369995117.1875,0.0026214967162595,4.170199193079054,1.2550596693224625,2023,2023-12-31,-0.2827241115557313,-0.1184909925785656,0.1642331189771657,gap_top_30pct,2024-03-31,2024-03-31,2025-03-31,2025-03-31,301.17999267578125,268.3599853515625,-0.10897140621007095,normal
ON,2023,mse,bio_it,Information Technology,31430023658.703552,0.221673801467773,0.9873426990645612,0.9247438184170952,2023,2023-12-31,-0.03887082408853426,0.047043015177224534,0.0859138392657588,gap_top_30pct,2024-03-31,2024-03-31,2025-03-31,2025-03-31,73.55000305175781,40.689998626708984,-0.44677094577310816,normal
CTSH,2023,mse,bio_it,Information Technology,36486842981.06799,0.1316787258951184,1.0069616333219031,0.9363662539591132,2023,2023-12-31,-0.38374616984383625,-0.30181705963222016,0.08192911021161609,gap_top_30pct,2024-03-31,2024-03-31,2025-03-31,2025-03-31,73.29000091552734,76.5,0.04379859522955165,normal
KLAC,2023,mse,bio_it,Information Technology,62708029641.523865,0.5044071298760455,1.1339527354154717,1.2687084886516449,2023,2023-12-31,1.0350262090959341,1.1155307840014315,0.08050457490549734,gap_top_30pct,2024-03-31,2024-03-31,2025-03-31,2025-03-31,698.5700073242188,679.7999877929688,-0.02686920327877529,normal
SWKS,2023,mse,bio_it,Information Technology,17982125855.253895,0.1234080224763844,1.10643909538852,1.041689885503273,2023,2023-12-31,-0.38459666421964234,-0.33176874455248534,0.052827919667157,gap_top_30pct,2024-03-31,2024-03-31,2025-03-31,2025-03-31,108.31999969482422,64.62999725341797,-0.4033419734536231,normal
TDY,2023,mse,bio_it,Information Technology,20339620510.15484,0.0872996793431883,1.0829189749098755,1.086405322783672,2023,2023-12-31,-0.5035261712835566,-0.4873003450776975,0.016225826205859106,gap_top_30pct,2024-03-31,2024-03-31,2025-03-31,2025-03-31,429.3200073242187,497.7099914550781,0.15929838573586896,normal
WDC,2023,mse,bio_it,Information Technology,11102125926.657,-0.0930099974508919,-1.201391142098628,0.8791040782784849,2023,2023-12-31,-1.7011285276908137,-1.6915600485655675,0.009568479125246165,gap_top_30pct,2024-03-31,2024-03-31,2025-03-31,2025-03-31,51.579742431640625,40.43000030517578,-0.2161651377232401,normal
VRSN,2024,mse,bio_it,Information Technology,24016101538.085938,-0.5058145059386889,1.0374106937129124,1.079169195495313,2024,2024-12-31,-5.938742894667864,-1.3428934712396101,4.595849423428254,gap_top_5pct,2025-03-31,2025-03-31,2026-03-31,2026-03-31,253.8699951171875,248.36000061035156,-0.02170400052315158,normal
LRCX,2024,mse,bio_it,Information Technology,10598920829.956057,0.2697929732067842,1.1046477411906213,1.124482597543981,2024,2024-12-31,-1.6252038119275356,0.12309876914885119,1.7483025810763868,gap_top_5pct,2025-03-31,2025-03-31,2026-03-31,2026-03-31,72.69999694824219,213.66000366210935,1.9389272714030756,normal
HPE,2024,mse,bio_it,Information Technology,27871926933.44411,0.0718279499297763,1.0326107773150988,0.9986934795199548,2024,2024-12-31,-1.586836060303955,-0.2456446240736441,1.341191436230311,gap_top_5pct,2025-03-31,2025-03-31,2026-03-31,2026-03-31,15.43000030517578,23.809999465942383,0.543097796177985,normal
VRSN,2024,mse,bio_it,Information Technology,24016101538.085938,-0.5058145059386889,1.0374106937129124,1.079169195495313,2024,2024-12-31,-5.938742894667864,-1.3428934712396101,4.595849423428254,gap_top_10pct,2025-03-31,2025-03-31,2026-03-31,2026-03-31,253.8699951171875,248.36000061035156,-0.02170400052315158,normal
LRCX,2024,mse,bio_it,Information Technology,10598920829.956057,0.2697929732067842,1.1046477411906213,1.124482597543981,2024,2024-12-31,-1.6252038119275356,0.12309876914885119,1.7483025810763868,gap_top_10pct,2025-03-31,2025-03-31,2026-03-31,2026-03-31,72.69999694824219,213.66000366210935,1.9389272714030756,normal
HPE,2024,mse,bio_it,Information Technology,27871926933.44411,0.0718279499297763,1.0326107773150988,0.9986934795199548,2024,2024-12-31,-1.586836060303955,-0.2456446240736441,1.341191436230311,gap_top_10pct,2025-03-31,2025-03-31,2026-03-31,2026-03-31,15.43000030517578,23.809999465942383,0.543097796177985,normal
MRNA,2024,mse,bio_it,Health Care,10937880260.127075,-0.1609386783737658,-0.5494751255230618,1.0945965587021902,2024,2024-12-31,-1.9219926347399494,-0.7128562005615119,1.2091364341784376,gap_top_10pct,2025-03-31,2025-03-31,2026-03-31,2026-03-31,28.350000381469727,50.79999923706055,0.7918870741978792,normal
INTC,2024,mse,bio_it,Information Technology,98334296035.7666,-0.1229691285089723,-0.920300287573614,0.974077206354644,2024,2024-12-31,-1.7725354949334333,-0.6395525895144699,1.1329829054189635,gap_top_10pct,2025-03-31,2025-03-31,2026-03-31,2026-03-31,22.709999084472656,44.130001068115234,0.9431969549610384,normal
WDC,2024,mse,bio_it,Information Technology,17728123981.789936,-0.044345339710586,-2.0031157848259102,0.8694459571206712,2024,2024-12-31,-1.348521378603602,-0.49990870274521015,0.848612675858392,gap_top_10pct,2025-03-31,2025-03-31,2026-03-31,2026-03-31,40.43000030517578,270.489990234375,5.690328671596555,normal
ON,2024,mse,bio_it,Information Technology,17147625078.896152,0.1445993332497266,1.0068964359207926,1.0310923122588305,2024,2024-12-31,-0.8783590746982417,-0.11005894828976734,0.7683001264084743,gap_top_10pct,2025-03-31,2025-03-31,2026-03-31,2026-03-31,40.689998626708984,61.91999816894531,0.521749822038601,normal
VRSN,2024,mse,bio_it,Information Technology,24016101538.085938,-0.5058145059386889,1.0374106937129124,1.079169195495313,2024,2024-12-31,-5.938742894667864,-1.3428934712396101,4.595849423428254,gap_top_20pct,2025-03-31,2025-03-31,2026-03-31,2026-03-31,253.8699951171875,248.36000061035156,-0.02170400052315158,normal
LRCX,2024,mse,bio_it,Information Technology,10598920829.956057,0.2697929732067842,1.1046477411906213,1.124482597543981,2024,2024-12-31,-1.6252038119275356,0.12309876914885119,1.7483025810763868,gap_top_20pct,2025-03-31,2025-03-31,2026-03-31,2026-03-31,72.69999694824219,213.66000366210935,1.9389272714030756,normal
HPE,2024,mse,bio_it,Information Technology,27871926933.44411,0.0718279499297763,1.0326107773150988,0.9986934795199548,2024,2024-12-31,-1.586836060303955,-0.2456446240736441,1.341191436230311,gap_top_20pct,2025-03-31,2025-03-31,2026-03-31,2026-03-31,15.43000030517578,23.809999465942383,0.543097796177985,normal
MRNA,2024,mse,bio_it,Health Care,10937880260.127075,-0.1609386783737658,-0.5494751255230618,1.0945965587021902,2024,2024-12-31,-1.9219926347399494,-0.7128562005615119,1.2091364341784376,gap_top_20pct,2025-03-31,2025-03-31,2026-03-31,2026-03-31,28.350000381469727,50.79999923706055,0.7918870741978792,normal
INTC,2024,mse,bio_it,Information Technology,98334296035.7666,-0.1229691285089723,-0.920300287573614,0.974077206354644,2024,2024-12-31,-1.7725354949334333,-0.6395525895144699,1.1329829054189635,gap_top_20pct,2025-03-31,2025-03-31,2026-03-31,2026-03-31,22.709999084472656,44.130001068115234,0.9431969549610384,normal
WDC,2024,mse,bio_it,Information Technology,17728123981.789936,-0.044345339710586,-2.0031157848259102,0.8694459571206712,2024,2024-12-31,-1.348521378603602,-0.49990870274521015,0.848612675858392,gap_top_20pct,2025-03-31,2025-03-31,2026-03-31,2026-03-31,40.43000030517578,270.489990234375,5.690328671596555,normal
ON,2024,mse,bio_it,Information Technology,17147625078.896152,0.1445993332497266,1.0068964359207926,1.0310923122588305,2024,2024-12-31,-0.8783590746982417,-0.11005894828976734,0.7683001264084743,gap_top_20pct,2025-03-31,2025-03-31,2026-03-31,2026-03-31,40.689998626708984,61.91999816894531,0.521749822038601,normal
FSLR,2024,mse,bio_it,Information Technology,13535861967.822762,0.1504629540662558,1.049989420994461,1.3260769771555327,2024,2024-12-31,-0.878493941265961,-0.1143457792583391,0.7641481620076219,gap_top_20pct,2025-03-31,2025-03-31,2026-03-31,2026-03-31,126.43000030517578,197.2599945068359,0.5602309106279462,normal
INCY,2024,mse,bio_it,Health Care,11717899244.852638,0.0032546674339714,5.0,1.5427567090933658,2024,2024-12-31,-1.061016064814553,-0.3506759079156355,0.7103401568989175,gap_top_20pct,2025-03-31,2025-03-31,2026-03-31,2026-03-31,60.54999923706055,94.12000274658205,0.554417901445232,normal
TRMB,2024,mse,bio_it,Information Technology,14825577612.280195,0.187616484606598,1.30222954997079,1.090152386614794,2024,2024-12-31,-0.7189683253596625,-0.027831079730082142,0.6911372456295803,gap_top_20pct,2025-03-31,2025-03-31,2026-03-31,2026-03-31,65.6500015258789,65.2300033569336,-0.006397534793350368,normal
NVDA,2024,mse,bio_it,Information Technology,216005001068.11523,0.4699678428953767,1.1248092505734162,1.3541118609173053,2024,2024-12-31,-0.1065273641256852,0.48969344554029487,0.59622080966598,gap_top_20pct,2025-03-31,2025-03-31,2026-03-31,2026-03-31,108.37999725341795,174.39999389648438,0.6091529647181677,normal
REGN,2024,mse,bio_it,Health Care,68433414892.578125,0.101393143121651,1.5024758312887094,1.272956091906858,2024,2024-12-31,-0.7648040518633041,-0.1981367239913954,0.5666673278719088,gap_top_20pct,2025-03-31,2025-03-31,2026-03-31,2026-03-31,634.22998046875,772.6400146484375,0.218233193702686,normal
SWKS,2024,mse,bio_it,Information Technology,14181763202.123907,0.0716432752461985,1.158720533650921,1.018365965130057,2024,2024-12-31,-0.8001572238061736,-0.24533717195560412,0.5548200518505695,gap_top_20pct,2025-03-31,2025-03-31,2026-03-31,2026-03-31,64.62999725341797,53.54999923706055,-0.1714373895594039,normal
NOW,2024,mse,bio_it,Information Technology,32800967346.191406,0.0798998163046387,2.0774659873759904,1.291958438836986,2024,2024-12-31,-0.7242682404616426,-0.23198210961512555,0.49228613084651707,gap_top_20pct,2025-03-31,2025-03-31,2026-03-31,2026-03-31,159.22799682617188,104.5500030517578,-0.3433943456194182,normal
VRSN,2024,mse,bio_it,Information Technology,24016101538.085938,-0.5058145059386889,1.0374106937129124,1.079169195495313,2024,2024-12-31,-5.938742894667864,-1.3428934712396101,4.595849423428254,gap_top_30pct,2025-03-31,2025-03-31,2026-03-31,2026-03-31,253.8699951171875,248.36000061035156,-0.02170400052315158,normal
LRCX,2024,mse,bio_it,Information Technology,10598920829.956057,0.2697929732067842,1.1046477411906213,1.124482597543981,2024,2024-12-31,-1.6252038119275356,0.12309876914885119,1.7483025810763868,gap_top_30pct,2025-03-31,2025-03-31,2026-03-31,2026-03-31,72.69999694824219,213.66000366210935,1.9389272714030756,normal
HPE,2024,mse,bio_it,Information Technology,27871926933.44411,0.0718279499297763,1.0326107773150988,0.9986934795199548,2024,2024-12-31,-1.586836060303955,-0.2456446240736441,1.341191436230311,gap_top_30pct,2025-03-31,2025-03-31,2026-03-31,2026-03-31,15.43000030517578,23.809999465942383,0.543097796177985,normal
MRNA,2024,mse,bio_it,Health Care,10937880260.127075,-0.1609386783737658,-0.5494751255230618,1.0945965587021902,2024,2024-12-31,-1.9219926347399494,-0.7128562005615119,1.2091364341784376,gap_top_30pct,2025-03-31,2025-03-31,2026-03-31,2026-03-31,28.350000381469727,50.79999923706055,0.7918870741978792,normal
INTC,2024,mse,bio_it,Information Technology,98334296035.7666,-0.1229691285089723,-0.920300287573614,0.974077206354644,2024,2024-12-31,-1.7725354949334333,-0.6395525895144699,1.1329829054189635,gap_top_30pct,2025-03-31,2025-03-31,2026-03-31,2026-03-31,22.709999084472656,44.130001068115234,0.9431969549610384,normal
WDC,2024,mse,bio_it,Information Technology,17728123981.789936,-0.044345339710586,-2.0031157848259102,0.8694459571206712,2024,2024-12-31,-1.348521378603602,-0.49990870274521015,0.848612675858392,gap_top_30pct,2025-03-31,2025-03-31,2026-03-31,2026-03-31,40.43000030517578,270.489990234375,5.690328671596555,normal
ON,2024,mse,bio_it,Information Technology,17147625078.896152,0.1445993332497266,1.0068964359207926,1.0310923122588305,2024,2024-12-31,-0.8783590746982417,-0.11005894828976734,0.7683001264084743,gap_top_30pct,2025-03-31,2025-03-31,2026-03-31,2026-03-31,40.689998626708984,61.91999816894531,0.521749822038601,normal
FSLR,2024,mse,bio_it,Information Technology,13535861967.822762,0.1504629540662558,1.049989420994461,1.3260769771555327,2024,2024-12-31,-0.878493941265961,-0.1143457792583391,0.7641481620076219,gap_top_30pct,2025-03-31,2025-03-31,2026-03-31,2026-03-31,126.43000030517578,197.2599945068359,0.5602309106279462,normal
INCY,2024,mse,bio_it,Health Care,11717899244.852638,0.0032546674339714,5.0,1.5427567090933658,2024,2024-12-31,-1.061016064814553,-0.3506759079156355,0.7103401568989175,gap_top_30pct,2025-03-31,2025-03-31,2026-03-31,2026-03-31,60.54999923706055,94.12000274658205,0.554417901445232,normal
TRMB,2024,mse,bio_it,Information Technology,14825577612.280195,0.187616484606598,1.30222954997079,1.090152386614794,2024,2024-12-31,-0.7189683253596625,-0.027831079730082142,0.6911372456295803,gap_top_30pct,2025-03-31,2025-03-31,2026-03-31,2026-03-31,65.6500015258789,65.2300033569336,-0.006397534793350368,normal
NVDA,2024,mse,bio_it,Information Technology,216005001068.11523,0.4699678428953767,1.1248092505734162,1.3541118609173053,2024,2024-12-31,-0.1065273641256852,0.48969344554029487,0.59622080966598,gap_top_30pct,2025-03-31,2025-03-31,2026-03-31,2026-03-31,108.37999725341795,174.39999389648438,0.6091529647181677,normal
REGN,2024,mse,bio_it,Health Care,68433414892.578125,0.101393143121651,1.5024758312887094,1.272956091906858,2024,2024-12-31,-0.7648040518633041,-0.1981367239913954,0.5666673278719088,gap_top_30pct,2025-03-31,2025-03-31,2026-03-31,2026-03-31,634.22998046875,772.6400146484375,0.218233193702686,normal
SWKS,2024,mse,bio_it,Information Technology,14181763202.123907,0.0716432752461985,1.158720533650921,1.018365965130057,2024,2024-12-31,-0.8001572238061736,-0.24533717195560412,0.5548200518505695,gap_top_30pct,2025-03-31,2025-03-31,2026-03-31,2026-03-31,64.62999725341797,53.54999923706055,-0.1714373895594039,normal
NOW,2024,mse,bio_it,Information Technology,32800967346.191406,0.0798998163046387,2.0774659873759904,1.291958438836986,2024,2024-12-31,-0.7242682404616426,-0.23198210961512555,0.49228613084651707,gap_top_30pct,2025-03-31,2025-03-31,2026-03-31,2026-03-31,159.22799682617188,104.5500030517578,-0.3433943456194182,normal
AKAM,2024,mse,bio_it,Information Technology,12100561648.0,0.0775441656487239,1.2770656735107144,1.1512833967635905,2024,2024-12-31,-0.713869226439417,-0.23975205348290324,0.47411717295651373,gap_top_30pct,2025-03-31,2025-03-31,2026-03-31,2026-03-31,80.5,114.8499984741211,0.42670805557914404,normal
CTSH,2024,mse,bio_it,Information Technology,37838086821.0,0.1292541419179819,1.001328591784834,0.9628080657206872,2024,2024-12-31,-0.5527071116599189,-0.1354728669100868,0.4172342447498321,gap_top_30pct,2025-03-31,2025-03-31,2026-03-31,2026-03-31,76.5,61.349998474121094,-0.198039235632404,normal
EPAM,2024,mse,bio_it,Information Technology,9604991323.189451,0.1060783180475952,1.078161276933419,0.9672706331516812,2024,2024-12-31,-0.526382663263313,-0.17851637890092706,0.34786628436238587,gap_top_30pct,2025-03-31,2025-03-31,2026-03-31,2026-03-31,168.83999633789062,135.39999389648438,-0.19805735114139977,normal
TEL,2024,mse,bio_it,Information Technology,42771210663.16815,0.2038966791923571,1.0266828945623854,1.046806167400881,2024,2024-12-31,-0.3288102821974348,0.001557045614848103,0.3303673278122829,gap_top_30pct,2025-03-31,2025-03-31,2026-03-31,2026-03-31,141.32000732421875,209.02000427246097,0.47905458137235835,normal
HPQ,2024,mse,bio_it,Information Technology,30478426420.0,0.3091887393341708,0.9761642981782148,1.049942585688893,2024,2024-12-31,-0.1110077346771483,0.19992063490613754,0.31092836958328585,gap_top_30pct,2025-03-31,2025-03-31,2026-03-31,2026-03-31,27.690000534057617,19.209999084472656,-0.30624778931133967,normal
MU,2024,mse,bio_it,Information Technology,108601342318.28587,0.0141289619082254,1.5616972272086762,1.1042515163057811,2024,2024-12-31,-0.6543887384488031,-0.35330745214022496,0.3010812863085781,gap_top_30pct,2025-03-31,2025-03-31,2026-03-31,2026-03-31,86.88999938964844,337.8399963378906,2.8881344079988436,normal
TDY,2024,mse,bio_it,Information Technology,23310152884.900208,0.076331969572565,1.2612039528089571,1.5881714519289047,2024,2024-12-31,-0.5579201023051402,-0.2659143251190491,0.2920057771860911,gap_top_30pct,2025-03-31,2025-03-31,2026-03-31,2026-03-31,497.7099914550781,605.010009765625,0.2155874307382304,normal
